Flask,Red.Pop,White.Pop,Generation,Arabinose,R.0,W.0,R.3,W.3,Person,Day.0.Date,Replicate
1,REL 10948,Ara + 1,40000,Positive,66,80,72,21,1,10/9/14,
2,REL 10948,Ara + 2,40000,Positive,85,77,50,68,1,10/9/14,
3,REL 10948,Ara + 3,40000,Positive,98,80,39,57,1,10/9/14,
4,REL 10948,Ara + 4,40000,Positive,87,73,92,48,1,10/9/14,
5,REL 10948,Ara + 5,40000,Positive,89,57,59,48,1,10/9/14,
6,Ara - 1,REL 11648,40000,Negative,67,67,73,61,1,10/9/14,
7,Ara - 4,REL 11648,40000,Negative,65,87,55,53,1,10/9/14,
8,Ara - 5,REL 11648,40000,Negative,101,101,44,42,1,10/9/14,
9,Ara - 6,REL 11648,40000,Negative,102,99,65,46,1,10/9/14,
10,REL 10948,Ara + 1,50000,Positive,74,77,62,55,1,10/9/14,
11,REL 10948,Ara + 2,50000,Positive,82,49,34,53,1,10/9/14,
12,REL 10948,Ara + 3,50000,Positive,96,48,19,34,1,10/9/14,
13,REL 10948,Ara + 4,50000,Positive,92,70,36,36,1,10/9/14,
14,REL 10948,Ara + 5,50000,Positive,75,76,11,28,1,10/9/14,
15,Ara - 1,REL 11648,50000,Negative,45,71,35,23,1,10/9/14,
16,Ara - 4,REL 11648,50000,Negative,66,77,46,32,1,10/9/14,
17,Ara - 5,REL 11648,50000,Negative,74,89,47,55,1,10/9/14,
18,Ara - 6,REL 11648,50000,Negative,77,86,94,47,1,10/9/14,
19,REL 10948,Ara + 1,60000,Positive,76,88,80,53,1,10/9/14,
20,REL 10948,Ara + 2,60000,Positive,62,72,66,55,1,10/9/14,
21,REL 10948,Ara + 3,60000,Positive,85,41,34,43,1,10/9/14,
22,REL 10948,Ara + 4,60000,Positive,80,48,38,53,1,10/9/14,
23,REL 10948,Ara + 5,60000,Positive,83,66,37,44,1,10/9/14,
24,Ara - 1,REL 11648,60000,Negative,15,93,30,44,1,10/9/14,
25,Ara - 4,REL 11648,60000,Negative,27,92,26,32,1,10/9/14,
26,Ara - 5,REL 11648,60000,Negative,48,66,49,47,1,10/9/14,
27,Ara - 6,REL 11648,60000,Negative,39,61,100,67,1,10/9/14,
1,REL 10948,Ara + 1,40000,Positive,62,60,57,6,2,10/15/14,
2,REL 10948,Ara + 2,40000,Positive,81,61,56,47,2,10/15/14,
3,REL 10948,Ara + 3,40000,Positive,84,46,35,102,2,10/15/14,
4,REL 10948,Ara + 4,40000,Positive,74,42,113,41,2,10/15/14,
5,REL 10948,Ara + 5,40000,Positive,68,55,92,49,2,10/15/14,
6,Ara - 1,REL 11648,40000,Negative,41,66,28,56,2,10/15/14,
7,Ara - 4,REL 11648,40000,Negative,61,67,76,26,2,10/15/14,
8,Ara - 5,REL 11648,40000,Negative,73,70,92,84,2,10/15/14,
9,Ara - 6,REL 11648,40000,Negative,64,73,118,71,2,10/15/14,
10,REL 10948,Ara + 1,50000,Positive,73,56,109,38,2,10/15/14,
11,REL 10948,Ara + 2,50000,Positive,57,43,51,59,2,10/15/14,
12,REL 10948,Ara + 3,50000,Positive,85,31,29,40,2,10/15/14,
13,REL 10948,Ara + 4,50000,Positive,82,44,65,51,2,10/15/14,
14,REL 10948,Ara + 5,50000,Positive,94,65,62,61,2,10/15/14,
15,Ara - 1,REL 11648,50000,Negative,47,61,24,51,2,10/15/14,
16,Ara - 4,REL 11648,50000,Negative,48,69,58,31,2,10/15/14,
17,Ara - 5,REL 11648,50000,Negative,59,63,71,48,2,10/15/14,
18,Ara - 6,REL 11648,50000,Negative,82,59,107,72,2,10/15/14,
19,REL 10948,Ara + 1,60000,Positive,67,79,83,51,2,10/15/14,
20,REL 10948,Ara + 2,60000,Positive,60,43,48,24,2,10/15/14,
21,REL 10948,Ara + 3,60000,Positive,,,,,2,10/15/14,
22,REL 10948,Ara + 4,60000,Positive,68,37,74,47,2,10/15/14,
23,REL 10948,Ara + 5,60000,Positive,75,51,52,36,2,10/15/14,
24,Ara - 1,REL 11648,60000,Negative,41,74,72,21,2,10/15/14,
25,Ara - 4,REL 11648,60000,Negative,30,68,36,53,2,10/15/14,
26,Ara - 5,REL 11648,60000,Negative,58,80,30,51,2,10/15/14,
27,Ara - 6,REL 11648,60000,Negative,56,75,64,54,2,10/15/14,
1,REL 10948,Ara + 1,40000,Positive,86,77,175,28,3,10/29/14,
2,REL 10948,Ara + 2,40000,Positive,109,87,108,83,3,10/29/14,
3,REL 10948,Ara + 3,40000,Positive,95,74,75,83,3,10/29/14,
4,REL 10948,Ara + 4,40000,Positive,114,61,179,43,3,10/29/14,
5,REL 10948,Ara + 5,40000,Positive,112,85,135,51,3,10/29/14,
6,Ara - 1,REL 11648,40000,Negative,48,142,60,90,3,10/29/14,
7,Ara - 4,REL 11648,40000,Negative,88,109,126,120,3,10/29/14,
8,Ara - 5,REL 11648,40000,Negative,118,92,125,122,3,10/29/14,
9,Ara - 6,REL 11648,40000,Negative,67,51,107,64,3,10/29/14,
10,REL 10948,Ara + 1,50000,Positive,86,80,113,71,3,10/29/14,
11,REL 10948,Ara + 2,50000,Positive,91,86,78,80,3,10/29/14,
12,REL 10948,Ara + 3,50000,Positive,79,43,44,72,3,10/29/14,
13,REL 10948,Ara + 4,50000,Positive,121,76,126,44,3,10/29/14,
14,REL 10948,Ara + 5,50000,Positive,130,71,147,77,3,10/29/14,
15,Ara - 1,REL 11648,50000,Negative,24,110,44,58,3,10/29/14,
16,Ara - 4,REL 11648,50000,Negative,78,125,96,85,3,10/29/14,
17,Ara - 5,REL 11648,50000,Negative,84,115,80,82,3,10/29/14,
18,Ara - 6,REL 11648,50000,Negative,97,124,118,119,3,10/29/14,
19,REL 10948,Ara + 1,60000,Positive,93,88,112,92,3,10/29/14,
20,REL 10948,Ara + 2,60000,Positive,130,89,63,85,3,10/29/14,
21,REL 10948,Ara + 3,60000,Positive,85,40,53,105,3,10/29/14,
22,REL 10948,Ara + 4,60000,Positive,115,48,101,51,3,10/29/14,
23,REL 10948,Ara + 5,60000,Positive,117,89,166,54,3,10/29/14,
24,Ara - 1,REL 11648,60000,Negative,13,129,14,50,3,10/29/14,
25,Ara - 4,REL 11648,60000,Negative,69,103,89,64,3,10/29/14,
26,Ara - 5,REL 11648,60000,Negative,105,115,99,118,3,10/29/14,
27,Ara - 6,REL 11648,60000,Negative,68,116,120,104,3,10/29/14,
1,REL 10948,Ara + 1,40000,Positive,87,64,96,12,4,11/5/14,
2,REL 10948,Ara + 2,40000,Positive,74,34,82,30,4,11/5/14,
3,REL 10948,Ara + 3,40000,Positive,99,58,36,37,4,11/5/14,
4,REL 10948,Ara + 4,40000,Positive,75,42,51,13,4,11/5/14,
5,REL 10948,Ara + 5,40000,Positive,99,54,68,13,4,11/5/14,
6,Ara - 1,REL 11648,40000,Negative,61,98,41,43,4,11/5/14,
7,Ara - 4,REL 11648,40000,Negative,78,106,30,63,4,11/5/14,
8,Ara - 5,REL 11648,40000,Negative,115,121,61,44,4,11/5/14,
9,Ara - 6,REL 11648,40000,Negative,101,112,46,47,4,11/5/14,
10,REL 10948,Ara + 1,50000,Positive,82,64,82,43,4,11/5/14,
11,REL 10948,Ara + 2,50000,Positive,89,64,62,55,4,11/5/14,
12,REL 10948,Ara + 3,50000,Positive,114,51,27,36,4,11/5/14,
13,REL 10948,Ara + 4,50000,Positive,117,44,49,19,4,11/5/14,
14,REL 10948,Ara + 5,50000,Positive,80,25,38,13,4,11/5/14,
15,Ara - 1,REL 11648,50000,Negative,48,100,25,25,4,11/5/14,
16,Ara - 4,REL 11648,50000,Negative,51,84,13,77,4,11/5/14,
17,Ara - 5,REL 11648,50000,Negative,89,106,41,38,4,11/5/14,
18,Ara - 6,REL 11648,50000,Negative,112,105,64,25,4,11/5/14,
19,REL 10948,Ara + 1,60000,Positive,78,74,71,54,4,11/5/14,
20,REL 10948,Ara + 2,60000,Positive,76,36,37,13,4,11/5/14,
21,REL 10948,Ara + 3,60000,Positive,90,30,32,10,4,11/5/14,
22,REL 10948,Ara + 4,60000,Positive,98,31,44,40,4,11/5/14,
23,REL 10948,Ara + 5,60000,Positive,97,31,52,20,4,11/5/14,
24,Ara - 1,REL 11648,60000,Negative,36,121,3,59,4,11/5/14,
25,Ara - 4,REL 11648,60000,Negative,32,105,21,61,4,11/5/14,
26,Ara - 5,REL 11648,60000,Negative,80,100,31,33,4,11/5/14,
27,Ara - 6,REL 11648,60000,Negative,55,104,41,47,4,11/5/14,
1,REL 10948,Ara + 1,40000,Positive,114,104,120,21,5,11/4/14,
2,REL 10948,Ara + 2,40000,Positive,113,69,114,42,5,11/4/14,
3,REL 10948,Ara + 3,40000,Positive,92,66,43,65,5,11/4/14,
4,REL 10948,Ara + 4,40000,Positive,98,74,72,62,5,11/4/14,
5,REL 10948,Ara + 5,40000,Positive,95,79,80,40,5,11/4/14,
6,Ara - 1,REL 11648,40000,Negative,39,105,69,69,5,11/4/14,
7,Ara - 4,REL 11648,40000,Negative,65,113,86,79,5,11/4/14,
8,Ara - 5,REL 11648,40000,Negative,88,94,88,115,5,11/4/14,
9,Ara - 6,REL 11648,40000,Negative,73,73,108,81,5,11/4/14,
10,REL 10948,Ara + 1,50000,Positive,76,83,165,33,5,11/4/14,
11,REL 10948,Ara + 2,50000,Positive,106,62,68,60,5,11/4/14,
12,REL 10948,Ara + 3,50000,Positive,94,76,38,74,5,11/4/14,
13,REL 10948,Ara + 4,50000,Positive,118,59,121,37,5,11/4/14,
14,REL 10948,Ara + 5,50000,Positive,98,79,99,49,5,11/4/14,
15,Ara - 1,REL 11648,50000,Negative,14,67,103,49,5,11/4/14,
16,Ara - 4,REL 11648,50000,Negative,53,67,46,65,5,11/4/14,
17,Ara - 5,REL 11648,50000,Negative,104,103,83,84,5,11/4/14,
18,Ara - 6,REL 11648,50000,Negative,68,106,75,73,5,11/4/14,
19,REL 10948,Ara + 1,60000,Positive,83,83,81,36,5,11/4/14,
20,REL 10948,Ara + 2,60000,Positive,102,67,57,85,5,11/4/14,
21,REL 10948,Ara + 3,60000,Positive,122,64,37,91,5,11/4/14,
22,REL 10948,Ara + 4,60000,Positive,73,37,57,41,5,11/4/14,
23,REL 10948,Ara + 5,60000,Positive,98,46,161,63,5,11/4/14,
24,Ara - 1,REL 11648,60000,Negative,7,85,47,60,5,11/4/14,
25,Ara - 4,REL 11648,60000,Negative,47,120,58,78,5,11/4/14,
26,Ara - 5,REL 11648,60000,Negative,62,84,75,75,5,11/4/14,
27,Ara - 6,REL 11648,60000,Negative,53,102,79,83,5,11/4/14,
1,REL 10948,Ara + 1,40000,Positive,102,110,77,35,6,11/12/14,
2,REL 10948,Ara + 2,40000,Positive,91,72,106,57,6,11/12/14,
3,REL 10948,Ara + 3,40000,Positive,63,51,59,82,6,11/12/14,
4,REL 10948,Ara + 4,40000,Positive,84,65,102,38,6,11/12/14,
5,REL 10948,Ara + 5,40000,Positive,73,54,35,7,6,11/12/14,
6,Ara - 1,REL 11648,40000,Negative,66,84,25,62,6,11/12/14,
7,Ara - 4,REL 11648,40000,Negative,60,87,97,67,6,11/12/14,
8,Ara - 5,REL 11648,40000,Negative,81,81,81,90,6,11/12/14,
9,Ara - 6,REL 11648,40000,Negative,63,101,75,70,6,11/12/14,
10,REL 10948,Ara + 1,50000,Positive,84,74,147,6,6,11/12/14,
11,REL 10948,Ara + 2,50000,Positive,182,128,54,39,6,11/12/14,
12,REL 10948,Ara + 3,50000,Positive,90,48,16,51,6,11/12/14,
13,REL 10948,Ara + 4,50000,Positive,88,44,51,43,6,11/12/14,
14,REL 10948,Ara + 5,50000,Positive,81,65,56,36,6,11/12/14,
15,Ara - 1,REL 11648,50000,Negative,44,85,11,45,6,11/12/14,
16,Ara - 4,REL 11648,50000,Negative,77,90,37,52,6,11/12/14,
17,Ara - 5,REL 11648,50000,Negative,64,89,99,59,6,11/12/14,
18,Ara - 6,REL 11648,50000,Negative,86,84,88,75,6,11/12/14,
19,REL 10948,Ara + 1,60000,Positive,98,78,72,57,6,11/12/14,
20,REL 10948,Ara + 2,60000,Positive,,,,,6,11/12/14,
21,REL 10948,Ara + 3,60000,Positive,100,49,24,50,6,11/12/14,
22,REL 10948,Ara + 4,60000,Positive,90,52,60,51,6,11/12/14,
23,REL 10948,Ara + 5,60000,Positive,92,61,46,46,6,11/12/14,
24,Ara - 1,REL 11648,60000,Negative,24,94,5,60,6,11/12/14,
25,Ara - 4,REL 11648,60000,Negative,53,79,67,25,6,11/12/14,
26,Ara - 5,REL 11648,60000,Negative,73,81,77,63,6,11/12/14,
27,Ara - 6,REL 11648,60000,Negative,79,82,80,76,6,11/12/14,
1,REL 10948,Ara + 1,40000,Positive,87,89,122,57,7,11/13/14,
2,REL 10948,Ara + 2,40000,Positive,106,74,74,98,7,11/13/14,
3,REL 10948,Ara + 3,40000,Positive,93,80,44,106,7,11/13/14,
4,REL 10948,Ara + 4,40000,Positive,105,68,87,74,7,11/13/14,
5,REL 10948,Ara + 5,40000,Positive,96,88,99,80,7,11/13/14,
6,Ara - 1,REL 11648,40000,Negative,58,92,117,47,7,11/13/14,
7,Ara - 4,REL 11648,40000,Negative,69,95,93,44,7,11/13/14,
8,Ara - 5,REL 11648,40000,Negative,84,108,64,91,7,11/13/14,
9,Ara - 6,REL 11648,40000,Negative,79,86,110,78,7,11/13/14,
10,REL 10948,Ara + 1,50000,Positive,99,43,117,56,7,11/13/14,
11,REL 10948,Ara + 2,50000,Positive,88,63,49,115,7,11/13/14,
12,REL 10948,Ara + 3,50000,Positive,82,60,21,91,7,11/13/14,
13,REL 10948,Ara + 4,50000,Positive,88,74,78,93,7,11/13/14,
14,REL 10948,Ara + 5,50000,Positive,90,60,77,71,7,11/13/14,
15,Ara - 1,REL 11648,50000,Negative,9,88,73,32,7,11/13/14,
16,Ara - 4,REL 11648,50000,Negative,41,92,79,30,7,11/13/14,
17,Ara - 5,REL 11648,50000,Negative,63,88,93,77,7,11/13/14,
18,Ara - 6,REL 11648,50000,Negative,70,100,88,67,7,11/13/14,
19,REL 10948,Ara + 1,60000,Positive,94,107,93,67,7,11/13/14,
20,REL 10948,Ara + 2,60000,Positive,92,82,50,102,7,11/13/14,
21,REL 10948,Ara + 3,60000,Positive,116,40,19,103,7,11/13/14,
22,REL 10948,Ara + 4,60000,Positive,98,59,51,75,7,11/13/14,
23,REL 10948,Ara + 5,60000,Positive,85,69,61,82,7,11/13/14,
24,Ara - 1,REL 11648,60000,Negative,34,81,85,25,7,11/13/14,
25,Ara - 4,REL 11648,60000,Negative,51,82,108,33,7,11/13/14,
26,Ara - 5,REL 11648,60000,Negative,66,88,108,73,7,11/13/14,
27,Ara - 6,REL 11648,60000,Negative,56,96,97,62,7,11/13/14,
1,REL 10948,Ara + 1,40000,Positive,68,81,121,31,8,11/17/14,
2,REL 10948,Ara + 2,40000,Positive,77,52,81,80,8,11/17/14,
3,REL 10948,Ara + 3,40000,Positive,75,53,30,101,8,11/17/14,
4,REL 10948,Ara + 4,40000,Positive,86,42,69,83,8,11/17/14,
5,REL 10948,Ara + 5,40000,Positive,68,58,84,66,8,11/17/14,
6,Ara - 1,REL 11648,40000,Negative,66,74,80,43,8,11/17/14,
7,Ara - 4,REL 11648,40000,Negative,48,68,94,31,8,11/17/14,
8,Ara - 5,REL 11648,40000,Negative,77,52,87,96,8,11/17/14,
9,Ara - 6,REL 11648,40000,Negative,101,50,86,62,8,11/17/14,
10,REL 10948,Ara + 1,50000,Positive,84,62,98,34,8,11/17/14,
11,REL 10948,Ara + 2,50000,Positive,89,36,57,44,8,11/17/14,
12,REL 10948,Ara + 3,50000,Positive,77,22,26,47,8,11/17/14,
13,REL 10948,Ara + 4,50000,Positive,63,50,48,54,8,11/17/14,
14,REL 10948,Ara + 5,50000,Positive,99,73,75,59,8,11/17/14,
15,Ara - 1,REL 11648,50000,Negative,50,66,73,37,8,11/17/14,
16,Ara - 4,REL 11648,50000,Negative,42,68,75,37,8,11/17/14,
17,Ara - 5,REL 11648,50000,Negative,59,78,54,61,8,11/17/14,
18,Ara - 6,REL 11648,50000,Negative,73,64,104,62,8,11/17/14,
19,REL 10948,Ara + 1,60000,Positive,74,77,86,62,8,11/17/14,
20,REL 10948,Ara + 2,60000,Positive,90,47,27,69,8,11/17/14,
21,REL 10948,Ara + 3,60000,Positive,,,,,8,11/17/14,
22,REL 10948,Ara + 4,60000,Positive,71,52,56,79,8,11/17/14,
23,REL 10948,Ara + 5,60000,Positive,98,55,68,65,8,11/17/14,
24,Ara - 1,REL 11648,60000,Negative,29,77,65,31,8,11/17/14,
25,Ara - 4,REL 11648,60000,Negative,54,65,81,27,8,11/17/14,
26,Ara - 5,REL 11648,60000,Negative,35,52,94,65,8,11/17/14,
27,Ara - 6,REL 11648,60000,Negative,42,64,100,64,8,11/17/14,
1,REL 10948,Ara + 1,40000,Positive,66,63,144,52,9,11/26/14,
2,REL 10948,Ara + 2,40000,Positive,78,87,65,68,9,11/26/14,
3,REL 10948,Ara + 3,40000,Positive,95,62,34,64,9,11/26/14,
4,REL 10948,Ara + 4,40000,Positive,89,72,95,84,9,11/26/14,
5,REL 10948,Ara + 5,40000,Positive,106,42,73,47,9,11/26/14,
6,Ara - 1,REL 11648,40000,Negative,62,93,48,101,9,11/26/14,
7,Ara - 4,REL 11648,40000,Negative,53,91,23,120,9,11/26/14,
8,Ara - 5,REL 11648,40000,Negative,89,94,66,68,9,11/26/14,
9,Ara - 6,REL 11648,40000,Negative,74,89,92,89,9,11/26/14,
10,REL 10948,Ara + 1,50000,Positive,87,59,75,26,9,11/26/14,
11,REL 10948,Ara + 2,50000,Positive,85,65,40,74,9,11/26/14,
12,REL 10948,Ara + 3,50000,Positive,76,46,24,51,9,11/26/14,
13,REL 10948,Ara + 4,50000,Positive,92,60,62,54,9,11/26/14,
14,REL 10948,Ara + 5,50000,Positive,90,59,65,50,9,11/26/14,
15,Ara - 1,REL 11648,50000,Negative,46,88,48,42,9,11/26/14,
16,Ara - 4,REL 11648,50000,Negative,46,75,71,45,9,11/26/14,
17,Ara - 5,REL 11648,50000,Negative,73,110,119,86,9,11/26/14,
18,Ara - 6,REL 11648,50000,Negative,93,84,105,100,9,11/26/14,
19,REL 10948,Ara + 1,60000,Positive,80,97,112,82,9,11/26/14,
20,REL 10948,Ara + 2,60000,Positive,86,58,45,84,9,11/26/14,
21,REL 10948,Ara + 3,60000,Positive,73,43,25,93,9,11/26/14,
22,REL 10948,Ara + 4,60000,Positive,83,47,51,74,9,11/26/14,
23,REL 10948,Ara + 5,60000,Positive,88,40,66,40,9,11/26/14,
24,Ara - 1,REL 11648,60000,Negative,15,92,36,28,9,11/26/14,
25,Ara - 4,REL 11648,60000,Negative,51,84,55,33,9,11/26/14,
26,Ara - 5,REL 11648,60000,Negative,76,88,114,65,9,11/26/14,
27,Ara - 6,REL 11648,60000,Negative,75,103,92,48,9,11/26/14,
1,REL 10948,Ara + 1,40000,Positive,98,105,82,75,10,12/3/14,
2,REL 10948,Ara + 2,40000,Positive,90,82,65,86,10,12/3/14,
3,REL 10948,Ara + 3,40000,Positive,73,59,30,71,10,12/3/14,
4,REL 10948,Ara + 4,40000,Positive,90,64,70,81,10,12/3/14,
5,REL 10948,Ara + 5,40000,Positive,75,49,81,69,10,12/3/14,
6,Ara - 1,REL 11648,40000,Negative,79,53,51,37,10,12/3/14,
7,Ara - 4,REL 11648,40000,Negative,69,77,69,85,10,12/3/14,
8,Ara - 5,REL 11648,40000,Negative,88,48,21,64,10,12/3/14,
9,Ara - 6,REL 11648,40000,Negative,92,66,68,52,10,12/3/14,
10,REL 10948,Ara + 1,50000,Positive,85,67,75,46,10,12/3/14,
11,REL 10948,Ara + 2,50000,Positive,79,125,91,60,10,12/3/14,
12,REL 10948,Ara + 3,50000,Positive,81,75,35,77,10,12/3/14,
13,REL 10948,Ara + 4,50000,Positive,77,39,65,60,10,12/3/14,
14,REL 10948,Ara + 5,50000,Positive,78,60,34,68,10,12/3/14,
15,Ara - 1,REL 11648,50000,Negative,86,66,56,66,10,12/3/14,
16,Ara - 4,REL 11648,50000,Negative,47,108,89,39,10,12/3/14,
17,Ara - 5,REL 11648,50000,Negative,53,80,81,65,10,12/3/14,
18,Ara - 6,REL 11648,50000,Negative,85,80,68,67,10,12/3/14,
19,REL 10948,Ara + 1,60000,Positive,80,74,81,51,10,12/3/14,
20,REL 10948,Ara + 2,60000,Positive,13,92,70,96,10,12/3/14,
21,REL 10948,Ara + 3,60000,Positive,57,75,67,31,10,12/3/14,
22,REL 10948,Ara + 4,60000,Positive,63,87,76,48,10,12/3/14,
23,REL 10948,Ara + 5,60000,Positive,69,90,62,65,10,12/3/14,
24,Ara - 1,REL 11648,60000,Negative,8,84,61,29,10,12/3/14,
25,Ara - 4,REL 11648,60000,Negative,62,98,84,40,10,12/3/14,
26,Ara - 5,REL 11648,60000,Negative,81,90,86,41,10,12/3/14,
27,Ara - 6,REL 11648,60000,Negative,63,93,106,50,10,12/3/14,
1,REL 10948,Ara + 1,40000,Positive,68,82,120,65,11,12/15/14,
2,REL 10948,Ara + 2,40000,Positive,69,64,61,69,11,12/15/14,
3,REL 10948,Ara + 3,40000,Positive,95,42,43,62,11,12/15/14,
4,REL 10948,Ara + 4,40000,Positive,83,67,51,50,11,12/15/14,
5,REL 10948,Ara + 5,40000,Positive,81,63,69,43,11,12/15/14,
6,Ara - 1,REL 11648,40000,Negative,43,90,51,39,11,12/15/14,
7,Ara - 4,REL 11648,40000,Negative,65,78,72,36,11,12/15/14,
8,Ara - 5,REL 11648,40000,Negative,58,87,75,90,11,12/15/14,
9,Ara - 6,REL 11648,40000,Negative,69,90,83,68,11,12/15/14,
10,REL 10948,Ara + 1,50000,Positive,106,61,111,35,11,12/15/14,
11,REL 10948,Ara + 2,50000,Positive,90,56,39,30,11,12/15/14,
12,REL 10948,Ara + 3,50000,Positive,91,29,13,24,11,12/15/14,
13,REL 10948,Ara + 4,50000,Positive,102,56,46,41,11,12/15/14,
14,REL 10948,Ara + 5,50000,Positive,96,63,42,41,11,12/15/14,
15,Ara - 1,REL 11648,50000,Negative,13,70,13,35,11,12/15/14,
16,Ara - 4,REL 11648,50000,Negative,40,83,75,40,11,12/15/14,
17,Ara - 5,REL 11648,50000,Negative,65,67,37,49,11,12/15/14,
18,Ara - 6,REL 11648,50000,Negative,71,89,76,33,11,12/15/14,
19,REL 10948,Ara + 1,60000,Positive,86,66,84,64,11,12/15/14,
20,REL 10948,Ara + 2,60000,Positive,79,41,35,69,11,12/15/14,
21,REL 10948,Ara + 3,60000,Positive,87,26,18,38,11,12/15/14,
22,REL 10948,Ara + 4,60000,Positive,71,40,64,50,11,12/15/14,
23,REL 10948,Ara + 5,60000,Positive,94,53,56,66,11,12/15/14,
24,Ara - 1,REL 11648,60000,Negative,18,82,27,17,11,12/15/14,
25,Ara - 4,REL 11648,60000,Negative,28,95,63,23,11,12/15/14,
26,Ara - 5,REL 11648,60000,Negative,78,80,75,43,11,12/15/14,
27,Ara - 6,REL 11648,60000,Negative,54,84,73,50,11,12/15/14,
1,REL 10948,Ara + 1,40000,Positive,68,67,92,51,12,12/15/14,
2,REL 10948,Ara + 2,40000,Positive,52,47,51,53,12,12/15/14,
3,REL 10948,Ara + 3,40000,Positive,64,37,23,19,12,12/15/14,
4,REL 10948,Ara + 4,40000,Positive,71,66,59,42,12,12/15/14,
5,REL 10948,Ara + 5,40000,Positive,59,58,63,29,12,12/15/14,
6,Ara - 1,REL 11648,40000,Negative,58,75,54,48,12,12/15/14,
7,Ara - 4,REL 11648,40000,Negative,45,81,48,41,12,12/15/14,
8,Ara - 5,REL 11648,40000,Negative,64,80,63,58,12,12/15/14,
9,Ara - 6,REL 11648,40000,Negative,72,72,104,53,12,12/15/14,
10,REL 10948,Ara + 1,50000,Positive,63,55,25,24,12,12/15/14,
11,REL 10948,Ara + 2,50000,Positive,73,41,52,36,12,12/15/14,
12,REL 10948,Ara + 3,50000,Positive,74,33,18,41,12,12/15/14,
13,REL 10948,Ara + 4,50000,Positive,73,47,66,58,12,12/15/14,
14,REL 10948,Ara + 5,50000,Positive,64,54,34,26,12,12/15/14,
15,Ara - 1,REL 11648,50000,Negative,47,88,69,37,12,12/15/14,
16,Ara - 4,REL 11648,50000,Negative,53,64,77,37,12,12/15/14,
17,Ara - 5,REL 11648,50000,Negative,40,60,65,62,12,12/15/14,
18,Ara - 6,REL 11648,50000,Negative,73,58,115,78,12,12/15/14,
19,REL 10948,Ara + 1,60000,Positive,60,71,88,60,12,12/15/14,
20,REL 10948,Ara + 2,60000,Positive,53,28,39,63,12,12/15/14,
21,REL 10948,Ara + 3,60000,Positive,61,28,14,46,12,12/15/14,
22,REL 10948,Ara + 4,60000,Positive,68,44,31,54,12,12/15/14,
23,REL 10948,Ara + 5,60000,Positive,68,47,8,4,12,12/15/14,
24,Ara - 1,REL 11648,60000,Negative,51,63,40,23,12,12/15/14,
25,Ara - 4,REL 11648,60000,Negative,33,60,49,26,12,12/15/14,
26,Ara - 5,REL 11648,60000,Negative,53,93,60,11,12,12/15/14,
27,Ara - 6,REL 11648,60000,Negative,63,82,87,40,12,12/15/14,
1,REL 10948,Ara + 1,40000,Positive,60,31,118,32,13,1/14/15,
2,REL 10948,Ara + 2,40000,Positive,70,65,64,80,13,1/14/15,
3,REL 10948,Ara + 3,40000,Positive,69,46,28,37,13,1/14/15,
4,REL 10948,Ara + 4,40000,Positive,63,50,52,62,13,1/14/15,
5,REL 10948,Ara + 5,40000,Positive,69,47,65,52,13,1/14/15,
6,Ara - 1,REL 11648,40000,Negative,22,62,32,69,13,1/14/15,
7,Ara - 4,REL 11648,40000,Negative,42,62,69,30,13,1/14/15,
8,Ara - 5,REL 11648,40000,Negative,72,66,59,70,13,1/14/15,
9,Ara - 6,REL 11648,40000,Negative,77,66,103,69,13,1/14/15,
10,REL 10948,Ara + 1,50000,Positive,83,79,79,88,13,1/14/15,
11,REL 10948,Ara + 2,50000,Positive,70,45,52,63,13,1/14/15,
12,REL 10948,Ara + 3,50000,Positive,63,28,20,41,13,1/14/15,
13,REL 10948,Ara + 4,50000,Positive,77,35,69,27,13,1/14/15,
14,REL 10948,Ara + 5,50000,Positive,47,39,66,55,13,1/14/15,
15,Ara - 1,REL 11648,50000,Negative,33,73,19,48,13,1/14/15,
16,Ara - 4,REL 11648,50000,Negative,46,69,57,58,13,1/14/15,
17,Ara - 5,REL 11648,50000,Negative,55,51,75,62,13,1/14/15,
18,Ara - 6,REL 11648,50000,Negative,57,74,115,60,13,1/14/15,
19,REL 10948,Ara + 1,60000,Positive,62,75,92,68,13,1/14/15,
20,REL 10948,Ara + 2,60000,Positive,72,59,36,50,13,1/14/15,
21,REL 10948,Ara + 3,60000,Positive,77,25,21,33,13,1/14/15,
22,REL 10948,Ara + 4,60000,Positive,51,23,45,78,13,1/14/15,
23,REL 10948,Ara + 5,60000,Positive,73,46,45,70,13,1/14/15,
24,Ara - 1,REL 11648,60000,Negative,25,69,22,28,13,1/14/15,
25,Ara - 4,REL 11648,60000,Negative,31,42,37,24,13,1/14/15,
26,Ara - 5,REL 11648,60000,Negative,42,63,55,43,13,1/14/15,
27,Ara - 6,REL 11648,60000,Negative,45,67,74,47,13,1/14/15,
1,REL 10948,Ara + 1,40000,Positive,62,92,76,64,14,1/23/15,
2,REL 10948,Ara + 2,40000,Positive,66,55,39,98,14,1/23/15,
3,REL 10948,Ara + 3,40000,Positive,87,35,22,64,14,1/23/15,
4,REL 10948,Ara + 4,40000,Positive,64,59,61,56,14,1/23/15,
5,REL 10948,Ara + 5,40000,Positive,61,47,71,54,14,1/23/15,
6,Ara - 1,REL 11648,40000,Negative,31,58,113,46,14,1/23/15,
7,Ara - 4,REL 11648,40000,Negative,38,58,82,44,14,1/23/15,
8,Ara - 5,REL 11648,40000,Negative,74,72,76,75,14,1/23/15,
9,Ara - 6,REL 11648,40000,Negative,78,69,80,57,14,1/23/15,
10,REL 10948,Ara + 1,50000,Positive,72,84,58,105,14,1/23/15,
11,REL 10948,Ara + 2,50000,Positive,80,51,65,96,14,1/23/15,
12,REL 10948,Ara + 3,50000,Positive,77,26,22,59,14,1/23/15,
13,REL 10948,Ara + 4,50000,Positive,66,49,57,58,14,1/23/15,
14,REL 10948,Ara + 5,50000,Positive,70,48,69,53,14,1/23/15,
15,Ara - 1,REL 11648,50000,Negative,29,65,97,36,14,1/23/15,
16,Ara - 4,REL 11648,50000,Negative,32,61,76,46,14,1/23/15,
17,Ara - 5,REL 11648,50000,Negative,55,75,88,64,14,1/23/15,
18,Ara - 6,REL 11648,50000,Negative,43,64,95,68,14,1/23/15,
19,REL 10948,Ara + 1,60000,Positive,72,72,83,70,14,1/23/15,
20,REL 10948,Ara + 2,60000,Positive,80,58,37,88,14,1/23/15,
21,REL 10948,Ara + 3,60000,Positive,76,39,19,96,14,1/23/15,
22,REL 10948,Ara + 4,60000,Positive,67,29,36,71,14,1/23/15,
23,REL 10948,Ara + 5,60000,Positive,68,62,71,70,14,1/23/15,
24,Ara - 1,REL 11648,60000,Negative,14,82,61,31,14,1/23/15,
25,Ara - 4,REL 11648,60000,Negative,26,45,75,22,14,1/23/15,
26,Ara - 5,REL 11648,60000,Negative,54,64,95,57,14,1/23/15,
27,Ara - 6,REL 11648,60000,Negative,25,52,106,53,14,1/23/15,
1,REL 10948,Ara + 1,40000,Positive,84,67,96,5,15,1/7/15,
2,REL 10948,Ara + 2,40000,Positive,85,47,67,9,15,1/7/15,
3,REL 10948,Ara + 3,40000,Positive,115,46,41,97,15,1/7/15,
4,REL 10948,Ara + 4,40000,Positive,110,70,103,84,15,1/7/15,
5,REL 10948,Ara + 5,40000,Positive,77,54,87,47,15,1/7/15,
6,Ara - 1,REL 11648,40000,Negative,74,81,37,65,15,1/7/15,
7,Ara - 4,REL 11648,40000,Negative,54,77,78,45,15,1/7/15,
8,Ara - 5,REL 11648,40000,Negative,61,99,93,74,15,1/7/15,
9,Ara - 6,REL 11648,40000,Negative,71,72,87,69,15,1/7/15,
10,REL 10948,Ara + 1,50000,Positive,,,,,15,1/7/15,
11,REL 10948,Ara + 2,50000,Positive,75,60,54,16,15,1/7/15,
12,REL 10948,Ara + 3,50000,Positive,96,42,27,80,15,1/7/15,
13,REL 10948,Ara + 4,50000,Positive,93,39,71,32,15,1/7/15,
14,REL 10948,Ara + 5,50000,Positive,106,55,71,93,15,1/7/15,
15,Ara - 1,REL 11648,50000,Negative,25,63,15,35,15,1/7/15,
16,Ara - 4,REL 11648,50000,Negative,71,93,63,39,15,1/7/15,
17,Ara - 5,REL 11648,50000,Negative,54,56,82,58,15,1/7/15,
18,Ara - 6,REL 11648,50000,Negative,81,81,100,55,15,1/7/15,
19,REL 10948,Ara + 1,60000,Positive,91,95,88,56,15,1/7/15,
20,REL 10948,Ara + 2,60000,Positive,76,50,35,7,15,1/7/15,
21,REL 10948,Ara + 3,60000,Positive,104,56,8,38,15,1/7/15,
22,REL 10948,Ara + 4,60000,Positive,102,50,69,5,15,1/7/15,
23,REL 10948,Ara + 5,60000,Positive,89,55,52,77,15,1/7/15,
24,Ara - 1,REL 11648,60000,Negative,31,110,43,24,15,1/7/15,
25,Ara - 4,REL 11648,60000,Negative,71,93,101,26,15,1/7/15,
26,Ara - 5,REL 11648,60000,Negative,54,56,96,46,15,1/7/15,
27,Ara - 6,REL 11648,60000,Negative,81,81,136,76,15,1/7/15,
1,REL 10948,Ara + 1,40000,Positive,87,78,92,44,16,1/27/15,
2,REL 10948,Ara + 2,40000,Positive,81,65,54,59,16,1/27/15,
3,REL 10948,Ara + 3,40000,Positive,92,44,30,71,16,1/27/15,
4,REL 10948,Ara + 4,40000,Positive,75,75,71,61,16,1/27/15,
5,REL 10948,Ara + 5,40000,Positive,80,48,86,49,16,1/27/15,
6,Ara - 1,REL 11648,40000,Negative,55,80,64,39,16,1/27/15,
7,Ara - 4,REL 11648,40000,Negative,50,80,101,45,16,1/27/15,
8,Ara - 5,REL 11648,40000,Negative,83,82,70,71,16,1/27/15,
9,Ara - 6,REL 11648,40000,Negative,74,88,102,69,16,1/27/15,
10,REL 10948,Ara + 1,50000,Positive,69,89,67,75,16,1/27/15,
11,REL 10948,Ara + 2,50000,Positive,77,75,45,65,16,1/27/15,
12,REL 10948,Ara + 3,50000,Positive,73,20,14,38,16,1/27/15,
13,REL 10948,Ara + 4,50000,Positive,76,42,67,43,16,1/27/15,
14,REL 10948,Ara + 5,50000,Positive,79,56,64,709,16,1/27/15,
15,Ara - 1,REL 11648,50000,Negative,28,51,71,39,16,1/27/15,
16,Ara - 4,REL 11648,50000,Negative,30,87,74,32,16,1/27/15,
17,Ara - 5,REL 11648,50000,Negative,50,85,76,56,16,1/27/15,
18,Ara - 6,REL 11648,50000,Negative,78,67,105,47,16,1/27/15,
19,REL 10948,Ara + 1,60000,Positive,76,56,74,71,16,1/27/15,
20,REL 10948,Ara + 2,60000,Positive,81,61,33,77,16,1/27/15,
21,REL 10948,Ara + 3,60000,Positive,50,35,17,61,16,1/27/15,
22,REL 10948,Ara + 4,60000,Positive,72,36,63,53,16,1/27/15,
23,REL 10948,Ara + 5,60000,Positive,78,52,57,78,16,1/27/15,
24,Ara - 1,REL 11648,60000,Negative,15,57,57,35,16,1/27/15,
25,Ara - 4,REL 11648,60000,Negative,45,73,70,31,16,1/27/15,
26,Ara - 5,REL 11648,60000,Negative,57,103,61,51,16,1/27/15,
27,Ara - 6,REL 11648,60000,Negative,51,82,87,41,16,1/27/15,
1,REL 10948,Ara + 1,40000,Positive,89,53,102,63,17,1/19/15,
2,REL 10948,Ara + 2,40000,Positive,90,66,44,75,17,1/19/15,
3,REL 10948,Ara + 3,40000,Positive,88,48,30,53,17,1/19/15,
4,REL 10948,Ara + 4,40000,Positive,86,48,75,61,17,1/19/15,
5,REL 10948,Ara + 5,40000,Positive,130,25,60,43,17,1/19/15,
6,Ara - 1,REL 11648,40000,Negative,67,80,46,50,17,1/19/15,
7,Ara - 4,REL 11648,40000,Negative,47,102,65,51,17,1/19/15,
8,Ara - 5,REL 11648,40000,Negative,81,77,94,87,17,1/19/15,
9,Ara - 6,REL 11648,40000,Negative,65,91,74,67,17,1/19/15,
10,REL 10948,Ara + 1,50000,Positive,67,60,,,17,1/19/15,
11,REL 10948,Ara + 2,50000,Positive,86,67,44,77,17,1/19/15,
12,REL 10948,Ara + 3,50000,Positive,111,38,20,40,17,1/19/15,
13,REL 10948,Ara + 4,50000,Positive,107,68,66,38,17,1/19/15,
14,REL 10948,Ara + 5,50000,Positive,65,48,59,53,17,1/19/15,
15,Ara - 1,REL 11648,50000,Negative,14,93,40,28,17,1/19/15,
16,Ara - 4,REL 11648,50000,Negative,39,90,68,46,17,1/19/15,
17,Ara - 5,REL 11648,50000,Negative,52,73,82,51,17,1/19/15,
18,Ara - 6,REL 11648,50000,Negative,61,92,102,56,17,1/19/15,
19,REL 10948,Ara + 1,60000,Positive,95,88,77,42,17,1/19/15,
20,REL 10948,Ara + 2,60000,Positive,,,43,110,17,1/19/15,
21,REL 10948,Ara + 3,60000,Positive,77,53,26,66,17,1/19/15,
22,REL 10948,Ara + 4,60000,Positive,97,53,42,68,17,1/19/15,
23,REL 10948,Ara + 5,60000,Positive,79,56,32,40,17,1/19/15,
24,Ara - 1,REL 11648,60000,Negative,16,66,34,41,17,1/19/15,
25,Ara - 4,REL 11648,60000,Negative,56,95,59,19,17,1/19/15,
26,Ara - 5,REL 11648,60000,Negative,46,72,85,52,17,1/19/15,
27,Ara - 6,REL 11648,60000,Negative,56,78,74,50,17,1/19/15,
1,REL 10948,Ara + 1,40000,Positive,81,100,83,64,18,1/19/15,
2,REL 10948,Ara + 2,40000,Positive,91,88,61,92,18,1/19/15,
3,REL 10948,Ara + 3,40000,Positive,91,54,35,71,18,1/19/15,
4,REL 10948,Ara + 4,40000,Positive,78,64,88,83,18,1/19/15,
5,REL 10948,Ara + 5,40000,Positive,91,73,90,91,18,1/19/15,
6,Ara - 1,REL 11648,40000,Negative,47,106,74,40,18,1/19/15,
7,Ara - 4,REL 11648,40000,Negative,65,85,70,53,18,1/19/15,
8,Ara - 5,REL 11648,40000,Negative,92,88,67,79,18,1/19/15,
9,Ara - 6,REL 11648,40000,Negative,96,96,86,83,18,1/19/15,
10,REL 10948,Ara + 1,50000,Positive,87,76,77,46,18,1/19/15,
11,REL 10948,Ara + 2,50000,Positive,88,81,38,59,18,1/19/15,
12,REL 10948,Ara + 3,50000,Positive,72,41,26,49,18,1/19/15,
13,REL 10948,Ara + 4,50000,Positive,93,81,72,60,18,1/19/15,
14,REL 10948,Ara + 5,50000,Positive,100,60,63,41,18,1/19/15,
15,Ara - 1,REL 11648,50000,Negative,18,83,47,34,18,1/19/15,
16,Ara - 4,REL 11648,50000,Negative,63,94,59,66,18,1/19/15,
17,Ara - 5,REL 11648,50000,Negative,71,89,71,54,18,1/19/15,
18,Ara - 6,REL 11648,50000,Negative,88,79,100,70,18,1/19/15,
19,REL 10948,Ara + 1,60000,Positive,116,98,89,63,18,1/19/15,
20,REL 10948,Ara + 2,60000,Positive,91,63,36,47,18,1/19/15,
21,REL 10948,Ara + 3,60000,Positive,90,39,10,52,18,1/19/15,
22,REL 10948,Ara + 4,60000,Positive,92,46,37,41,18,1/19/15,
23,REL 10948,Ara + 5,60000,Positive,91,56,53,69,18,1/19/15,
24,Ara - 1,REL 11648,60000,Negative,6,86,34,26,18,1/19/15,
25,Ara - 4,REL 11648,60000,Negative,32,96,96,28,18,1/19/15,
26,Ara - 5,REL 11648,60000,Negative,65,69,87,46,18,1/19/15,
27,Ara - 6,REL 11648,60000,Negative,77,56,92,37,18,1/19/15,
1,REL 10948,Ara + 1,40000,Positive,76,35,125,48,19,2/8/15,
2,REL 10948,Ara + 2,40000,Positive,68,64,72,98,19,2/8/15,
3,REL 10948,Ara + 3,40000,Positive,85,50,39,60,19,2/8/15,
4,REL 10948,Ara + 4,40000,Positive,60,70,128,105,19,2/8/15,
5,REL 10948,Ara + 5,40000,Positive,70,51,136,60,19,2/8/15,
6,Ara - 1,REL 11648,40000,Negative,49,70,89,93,19,2/8/15,
7,Ara - 4,REL 11648,40000,Negative,44,86,84,84,19,2/8/15,
8,Ara - 5,REL 11648,40000,Negative,57,82,61,109,19,2/8/15,
9,Ara - 6,REL 11648,40000,Negative,79,90,101,71,19,2/8/15,
10,REL 10948,Ara + 1,50000,Positive,67,22,105,28,19,2/8/15,
11,REL 10948,Ara + 2,50000,Positive,62,30,73,116,19,2/8/15,
12,REL 10948,Ara + 3,50000,Positive,69,27,55,40,19,2/8/15,
13,REL 10948,Ara + 4,50000,Positive,87,37,114,56,19,2/8/15,
14,REL 10948,Ara + 5,50000,Positive,69,44,92,76,19,2/8/15,
15,Ara - 1,REL 11648,50000,Negative,69,64,106,67,19,2/8/15,
16,Ara - 4,REL 11648,50000,Negative,26,72,64,107,19,2/8/15,
17,Ara - 5,REL 11648,50000,Negative,51,67,81,114,19,2/8/15,
18,Ara - 6,REL 11648,50000,Negative,34,71,94,120,19,2/8/15,
19,REL 10948,Ara + 1,60000,Positive,62,61,77,96,19,2/8/15,
20,REL 10948,Ara + 2,60000,Positive,49,46,42,121,19,2/8/15,
21,REL 10948,Ara + 3,60000,Positive,65,38,31,75,19,2/8/15,
22,REL 10948,Ara + 4,60000,Positive,67,62,79,83,19,2/8/15,
23,REL 10948,Ara + 5,60000,Positive,78,35,43,55,19,2/8/15,
24,Ara - 1,REL 11648,60000,Negative,35,91,109,50,19,2/8/15,
25,Ara - 4,REL 11648,60000,Negative,27,95,60,78,19,2/8/15,
26,Ara - 5,REL 11648,60000,Negative,54,67,115,71,19,2/8/15,
27,Ara - 6,REL 11648,60000,Negative,41,90,94,90,19,2/8/15,
1,REL 10948,Ara + 1,40000,Positive,50,65,105,21,20,2/11/15,
2,REL 10948,Ara + 2,40000,Positive,65,76,65,91,20,2/11/15,
3,REL 10948,Ara + 3,40000,Positive,74,46,27,74,20,2/11/15,
4,REL 10948,Ara + 4,40000,Positive,62,51,74,70,20,2/11/15,
5,REL 10948,Ara + 5,40000,Positive,60,63,65,56,20,2/11/15,
6,Ara - 1,REL 11648,40000,Negative,25,64,16,103,20,2/11/15,
7,Ara - 4,REL 11648,40000,Negative,58,56,79,44,20,2/11/15,
8,Ara - 5,REL 11648,40000,Negative,90,54,57,73,20,2/11/15,
9,Ara - 6,REL 11648,40000,Negative,79,68,84,64,20,2/11/15,
10,REL 10948,Ara + 1,50000,Positive,76,55,101,33,20,2/11/15,
11,REL 10948,Ara + 2,50000,Positive,84,51,64,74,20,2/11/15,
12,REL 10948,Ara + 3,50000,Positive,77,23,19,44,20,2/11/15,
13,REL 10948,Ara + 4,50000,Positive,85,52,48,53,20,2/11/15,
14,REL 10948,Ara + 5,50000,Positive,72,46,46,49,20,2/11/15,
15,Ara - 1,REL 11648,50000,Negative,36,62,39,27,20,2/11/15,
16,Ara - 4,REL 11648,50000,Negative,27,75,35,72,20,2/11/15,
17,Ara - 5,REL 11648,50000,Negative,66,62,60,54,20,2/11/15,
18,Ara - 6,REL 11648,50000,Negative,77,52,85,51,20,2/11/15,
19,REL 10948,Ara + 1,60000,Positive,57,97,86,66,20,2/11/15,
20,REL 10948,Ara + 2,60000,Positive,76,64,40,88,20,2/11/15,
21,REL 10948,Ara + 3,60000,Positive,79,36,10,71,20,2/11/15,
22,REL 10948,Ara + 4,60000,Positive,73,41,60,66,20,2/11/15,
23,REL 10948,Ara + 5,60000,Positive,89,33,35,60,20,2/11/15,
24,Ara - 1,REL 11648,60000,Negative,31,59,43,25,20,2/11/15,
25,Ara - 4,REL 11648,60000,Negative,53,88,55,19,20,2/11/15,
26,Ara - 5,REL 11648,60000,Negative,42,66,44,40,20,2/11/15,
27,Ara - 6,REL 11648,60000,Negative,43,64,87,52,20,2/11/15,
1,REL 10948,Ara + 1,40000,Positive,60,59,93,67,21,2/25/15,
2,REL 10948,Ara + 2,40000,Positive,77,72,63,59,21,2/25/15,
3,REL 10948,Ara + 3,40000,Positive,61,39,28,49,21,2/25/15,
4,REL 10948,Ara + 4,40000,Positive,71,59,86,46,21,2/25/15,
5,REL 10948,Ara + 5,40000,Positive,66,73,96,76,21,2/25/15,
6,Ara - 1,REL 11648,40000,Negative,69,77,85,89,21,2/25/15,
7,Ara - 4,REL 11648,40000,Negative,45,67,61,67,21,2/25/15,
8,Ara - 5,REL 11648,40000,Negative,96,74,69,102,21,2/25/15,
9,Ara - 6,REL 11648,40000,Negative,80,56,96,75,21,2/25/15,
10,REL 10948,Ara + 1,50000,Positive,73,70,87,45,21,2/25/15,
11,REL 10948,Ara + 2,50000,Positive,73,55,54,96,21,2/25/15,
12,REL 10948,Ara + 3,50000,Positive,81,32,38,72,21,2/25/15,
13,REL 10948,Ara + 4,50000,Positive,79,51,88,55,21,2/25/15,
14,REL 10948,Ara + 5,50000,Positive,107,62,73,66,21,2/25/15,
15,Ara - 1,REL 11648,50000,Negative,42,78,90,32,21,2/25/15,
16,Ara - 4,REL 11648,50000,Negative,45,81,66,46,21,2/25/15,
17,Ara - 5,REL 11648,50000,Negative,73,71,68,46,21,2/25/15,
18,Ara - 6,REL 11648,50000,Negative,64,53,98,77,21,2/25/15,
19,REL 10948,Ara + 1,60000,Positive,91,86,91,71,21,2/25/15,
20,REL 10948,Ara + 2,60000,Positive,94,73,47,81,21,2/25/15,
21,REL 10948,Ara + 3,60000,Positive,53,34,17,51,21,2/25/15,
22,REL 10948,Ara + 4,60000,Positive,81,40,56,87,21,2/25/15,
23,REL 10948,Ara + 5,60000,Positive,69,77,85,89,21,2/25/15,
24,Ara - 1,REL 11648,60000,Negative,33,46,30,28,21,2/25/15,
25,Ara - 4,REL 11648,60000,Negative,28,47,84,36,21,2/25/15,
26,Ara - 5,REL 11648,60000,Negative,33,44,98,48,21,2/25/15,
27,Ara - 6,REL 11648,60000,Negative,48,54,55,36,21,2/25/15,
1,REL 10948,Ara + 1,40000,Positive,102,92,104,73,1,12/31/14,A
2,REL 10948,Ara + 2,40000,Positive,91,94,67,95,1,12/31/14,A
3,REL 10948,Ara + 3,40000,Positive,70,48,42,86,1,12/31/14,A
4,REL 10948,Ara + 4,40000,Positive,101,78,75,63,1,12/31/14,A
5,REL 10948,Ara + 5,40000,Positive,92,73,85,53,1,12/31/14,A
6,Ara - 1,REL 11648,40000,Negative,57,64,91,52,1,12/31/14,A
7,Ara - 4,REL 11648,40000,Negative,61,89,76,39,1,12/31/14,A
8,Ara - 5,REL 11648,40000,Negative,97,68,75,79,1,12/31/14,A
9,Ara - 6,REL 11648,40000,Negative,64,72,103,73,1,12/31/14,A
10,REL 10948,Ara + 1,50000,Positive,101,69,94,43,1,12/31/14,A
11,REL 10948,Ara + 2,50000,Positive,99,63,53,80,1,12/31/14,A
12,REL 10948,Ara + 3,50000,Positive,90,37,37,58,1,12/31/14,A
13,REL 10948,Ara + 4,50000,Positive,77,33,58,31,1,12/31/14,A
14,REL 10948,Ara + 5,50000,Positive,88,49,82,85,1,12/31/14,A
15,Ara - 1,REL 11648,50000,Negative,52,95,110,32,1,12/31/14,A
16,Ara - 4,REL 11648,50000,Negative,47,89,69,32,1,12/31/14,A
17,Ara - 5,REL 11648,50000,Negative,75,84,83,64,1,12/31/14,A
18,Ara - 6,REL 11648,50000,Negative,75,89,103,61,1,12/31/14,A
19,REL 10948,Ara + 1,60000,Positive,84,77,116,63,1,12/31/14,A
20,REL 10948,Ara + 2,60000,Positive,106,70,42,60,1,12/31/14,A
21,REL 10948,Ara + 3,60000,Positive,79,38,33,86,1,12/31/14,A
22,REL 10948,Ara + 4,60000,Positive,84,36,50,70,1,12/31/14,A
23,REL 10948,Ara + 5,60000,Positive,95,33,67,60,1,12/31/14,A
24,Ara - 1,REL 11648,60000,Negative,46,98,80,35,1,12/31/14,A
25,Ara - 4,REL 11648,60000,Negative,41,87,72,28,1,12/31/14,A
26,Ara - 5,REL 11648,60000,Negative,84,80,86,56,1,12/31/14,A
27,Ara - 6,REL 11648,60000,Negative,50,85,83,50,1,12/31/14,A
1,REL 10948,Ara + 1,40000,Positive,88,84,104,55,1,12/31/14,B
2,REL 10948,Ara + 2,40000,Positive,101,79,59,91,1,12/31/14,B
3,REL 10948,Ara + 3,40000,Positive,85,55,34,98,1,12/31/14,B
4,REL 10948,Ara + 4,40000,Positive,95,62,68,82,1,12/31/14,B
5,REL 10948,Ara + 5,40000,Positive,99,51,104,59,1,12/31/14,B
6,Ara - 1,REL 11648,40000,Negative,77,90,104,46,1,12/31/14,B
7,Ara - 4,REL 11648,40000,Negative,60,82,49,76,1,12/31/14,B
8,Ara - 5,REL 11648,40000,Negative,101,93,86,98,1,12/31/14,B
9,Ara - 6,REL 11648,40000,Negative,86,71,109,92,1,12/31/14,B
10,REL 10948,Ara + 1,50000,Positive,83,60,119,49,1,12/31/14,B
11,REL 10948,Ara + 2,50000,Positive,79,57,48,87,1,12/31/14,B
12,REL 10948,Ara + 3,50000,Positive,94,44,34,89,1,12/31/14,B
13,REL 10948,Ara + 4,50000,Positive,83,34,75,59,1,12/31/14,B
14,REL 10948,Ara + 5,50000,Positive,100,59,68,60,1,12/31/14,B
15,Ara - 1,REL 11648,50000,Negative,61,61,82,45,1,12/31/14,B
16,Ara - 4,REL 11648,50000,Negative,47,66,58,22,1,12/31/14,B
17,Ara - 5,REL 11648,50000,Negative,69,83,88,59,1,12/31/14,B
18,Ara - 6,REL 11648,50000,Negative,70,89,119,59,1,12/31/14,B
19,REL 10948,Ara + 1,60000,Positive,89,75,122,62,1,12/31/14,B
20,REL 10948,Ara + 2,60000,Positive,89,53,32,62,1,12/31/14,B
21,REL 10948,Ara + 3,60000,Positive,107,40,18,67,1,12/31/14,B
22,REL 10948,Ara + 4,60000,Positive,100,54,41,98,1,12/31/14,B
23,REL 10948,Ara + 5,60000,Positive,115,31,58,83,1,12/31/14,B
24,Ara - 1,REL 11648,60000,Negative,43,85,88,46,1,12/31/14,B
25,Ara - 4,REL 11648,60000,Negative,55,66,104,28,1,12/31/14,B
26,Ara - 5,REL 11648,60000,Negative,77,84,124,70,1,12/31/14,B
27,Ara - 6,REL 11648,60000,Negative,87,87,101,73,1,12/31/14,B
1,REL 10948,Ara + 1,40000,Positive,80,88,90,46,1,12/31/14,C
2,REL 10948,Ara + 2,40000,Positive,82,75,57,82,1,12/31/14,C
3,REL 10948,Ara + 3,40000,Positive,69,44,31,81,1,12/31/14,C
4,REL 10948,Ara + 4,40000,Positive,82,60,75,67,1,12/31/14,C
5,REL 10948,Ara + 5,40000,Positive,61,70,69,51,1,12/31/14,C
6,Ara - 1,REL 11648,40000,Negative,57,91,80,53,1,12/31/14,C
7,Ara - 4,REL 11648,40000,Negative,67,68,66,54,1,12/31/14,C
8,Ara - 5,REL 11648,40000,Negative,87,66,73,61,1,12/31/14,C
9,Ara - 6,REL 11648,40000,Negative,91,75,103,38,1,12/31/14,C
10,REL 10948,Ara + 1,50000,Positive,73,78,94,45,1,12/31/14,C
11,REL 10948,Ara + 2,50000,Positive,71,65,42,72,1,12/31/14,C
12,REL 10948,Ara + 3,50000,Positive,74,46,35,66,1,12/31/14,C
13,REL 10948,Ara + 4,50000,Positive,72,29,53,29,1,12/31/14,C
14,REL 10948,Ara + 5,50000,Positive,68,67,60,68,1,12/31/14,C
15,Ara - 1,REL 11648,50000,Negative,45,73,63,31,1,12/31/14,C
16,Ara - 4,REL 11648,50000,Negative,65,99,61,61,1,12/31/14,C
17,Ara - 5,REL 11648,50000,Negative,59,56,61,61,1,12/31/14,C
18,Ara - 6,REL 11648,50000,Negative,88,61,89,51,1,12/31/14,C
19,REL 10948,Ara + 1,60000,Positive,70,88,61,56,1,12/31/14,C
20,REL 10948,Ara + 2,60000,Positive,68,53,38,91,1,12/31/14,C
21,REL 10948,Ara + 3,60000,Positive,87,46,26,67,1,12/31/14,C
22,REL 10948,Ara + 4,60000,Positive,88,57,46,63,1,12/31/14,C
23,REL 10948,Ara + 5,60000,Positive,86,57,57,66,1,12/31/14,C
24,Ara - 1,REL 11648,60000,Negative,56,64,77,35,1,12/31/14,C
25,Ara - 4,REL 11648,60000,Negative,57,61,71,26,1,12/31/14,C
26,Ara - 5,REL 11648,60000,Negative,58,67,64,61,1,12/31/14,C
27,Ara - 6,REL 11648,60000,Negative,41,69,65,50,1,12/31/14,C
1,REL 10948,Ara + 1,40000,Positive,79,91,77,54,1,12/31/14,D
2,REL 10948,Ara + 2,40000,Positive,64,70,59,80,1,12/31/14,D
3,REL 10948,Ara + 3,40000,Positive,78,35,23,72,1,12/31/14,D
4,REL 10948,Ara + 4,40000,Positive,76,61,80,62,1,12/31/14,D
5,REL 10948,Ara + 5,40000,Positive,99,73,71,54,1,12/31/14,D
6,Ara - 1,REL 11648,40000,Negative,81,65,91,37,1,12/31/14,D
7,Ara - 4,REL 11648,40000,Negative,68,74,53,52,1,12/31/14,D
8,Ara - 5,REL 11648,40000,Negative,76,82,55,93,1,12/31/14,D
9,Ara - 6,REL 11648,40000,Negative,79,78,90,55,1,12/31/14,D
10,REL 10948,Ara + 1,50000,Positive,88,68,97,37,1,12/31/14,D
11,REL 10948,Ara + 2,50000,Positive,96,60,47,56,1,12/31/14,D
12,REL 10948,Ara + 3,50000,Positive,89,42,25,79,1,12/31/14,D
13,REL 10948,Ara + 4,50000,Positive,70,21,63,37,1,12/31/14,D
14,REL 10948,Ara + 5,50000,Positive,81,53,58,54,1,12/31/14,D
15,Ara - 1,REL 11648,50000,Negative,44,78,72,37,1,12/31/14,D
16,Ara - 4,REL 11648,50000,Negative,40,71,57,42,1,12/31/14,D
17,Ara - 5,REL 11648,50000,Negative,66,66,64,54,1,12/31/14,D
18,Ara - 6,REL 11648,50000,Negative,79,93,101,82,1,12/31/14,D
19,REL 10948,Ara + 1,60000,Positive,75,81,82,61,1,12/31/14,D
20,REL 10948,Ara + 2,60000,Positive,57,53,38,59,1,12/31/14,D
21,REL 10948,Ara + 3,60000,Positive,80,47,22,80,1,12/31/14,D
22,REL 10948,Ara + 4,60000,Positive,75,53,45,80,1,12/31/14,D
23,REL 10948,Ara + 5,60000,Positive,89,46,54,63,1,12/31/14,D
24,Ara - 1,REL 11648,60000,Negative,62,80,70,41,1,12/31/14,D
25,Ara - 4,REL 11648,60000,Negative,60,80,59,29,1,12/31/14,D
26,Ara - 5,REL 11648,60000,Negative,36,89,94,55,1,12/31/14,D
27,Ara - 6,REL 11648,60000,Negative,61,82,54,40,1,12/31/14,D
1,REL 10948,Ara + 1,40000,Positive,77,81,102,54,1,12/31/14,E
2,REL 10948,Ara + 2,40000,Positive,49,73,51,78,1,12/31/14,E
3,REL 10948,Ara + 3,40000,Positive,70,47,48,94,1,12/31/14,E
4,REL 10948,Ara + 4,40000,Positive,72,69,85,69,1,12/31/14,E
5,REL 10948,Ara + 5,40000,Positive,93,68,94,51,1,12/31/14,E
6,Ara - 1,REL 11648,40000,Negative,82,103,89,76,1,12/31/14,E
7,Ara - 4,REL 11648,40000,Negative,61,83,60,46,1,12/31/14,E
8,Ara - 5,REL 11648,40000,Negative,99,70,76,79,1,12/31/14,E
9,Ara - 6,REL 11648,40000,Negative,82,99,92,93,1,12/31/14,E
10,REL 10948,Ara + 1,50000,Positive,77,88,124,34,1,12/31/14,E
11,REL 10948,Ara + 2,50000,Positive,75,61,53,73,1,12/31/14,E
12,REL 10948,Ara + 3,50000,Positive,73,41,41,49,1,12/31/14,E
13,REL 10948,Ara + 4,50000,Positive,62,51,71,40,1,12/31/14,E
14,REL 10948,Ara + 5,50000,Positive,84,72,85,63,1,12/31/14,E
15,Ara - 1,REL 11648,50000,Negative,69,104,95,52,1,12/31/14,E
16,Ara - 4,REL 11648,50000,Negative,70,70,84,39,1,12/31/14,E
17,Ara - 5,REL 11648,50000,Negative,72,68,71,60,1,12/31/14,E
18,Ara - 6,REL 11648,50000,Negative,77,85,99,73,1,12/31/14,E
19,REL 10948,Ara + 1,60000,Positive,70,90,84,48,1,12/31/14,E
20,REL 10948,Ara + 2,60000,Positive,73,58,45,80,1,12/31/14,E
21,REL 10948,Ara + 3,60000,Positive,89,50,42,73,1,12/31/14,E
22,REL 10948,Ara + 4,60000,Positive,69,39,63,76,1,12/31/14,E
23,REL 10948,Ara + 5,60000,Positive,66,41,52,75,1,12/31/14,E
24,Ara - 1,REL 11648,60000,Negative,34,79,63,46,1,12/31/14,E
25,Ara - 4,REL 11648,60000,Negative,50,75,79,22,1,12/31/14,E
26,Ara - 5,REL 11648,60000,Negative,75,72,80,62,1,12/31/14,E
27,Ara - 6,REL 11648,60000,Negative,52,81,80,78,1,12/31/14,E
1,REL 10948,Ara + 1,40000,Positive,66,91,104,71,1,12/31/14,F
2,REL 10948,Ara + 2,40000,Positive,69,67,70,89,1,12/31/14,F
3,REL 10948,Ara + 3,40000,Positive,67,43,44,61,1,12/31/14,F
4,REL 10948,Ara + 4,40000,Positive,73,70,78,83,1,12/31/14,F
5,REL 10948,Ara + 5,40000,Positive,65,63,79,61,1,12/31/14,F
6,Ara - 1,REL 11648,40000,Negative,63,75,58,54,1,12/31/14,F
7,Ara - 4,REL 11648,40000,Negative,44,82,68,60,1,12/31/14,F
8,Ara - 5,REL 11648,40000,Negative,97,80,85,76,1,12/31/14,F
9,Ara - 6,REL 11648,40000,Negative,75,78,98,61,1,12/31/14,F
10,REL 10948,Ara + 1,50000,Positive,79,47,104,28,1,12/31/14,F
11,REL 10948,Ara + 2,50000,Positive,78,64,35,71,1,12/31/14,F
12,REL 10948,Ara + 3,50000,Positive,62,40,53,58,1,12/31/14,F
13,REL 10948,Ara + 4,50000,Positive,52,55,106,70,1,12/31/14,F
14,REL 10948,Ara + 5,50000,Positive,77,72,57,41,1,12/31/14,F
15,Ara - 1,REL 11648,50000,Negative,60,80,72,51,1,12/31/14,F
16,Ara - 4,REL 11648,50000,Negative,46,73,72,61,1,12/31/14,F
17,Ara - 5,REL 11648,50000,Negative,68,83,61,56,1,12/31/14,F
18,Ara - 6,REL 11648,50000,Negative,68,78,73,80,1,12/31/14,F
19,REL 10948,Ara + 1,60000,Positive,80,92,83,54,1,12/31/14,F
20,REL 10948,Ara + 2,60000,Positive,81,45,40,74,1,12/31/14,F
21,REL 10948,Ara + 3,60000,Positive,77,46,37,54,1,12/31/14,F
22,REL 10948,Ara + 4,60000,Positive,74,73,56,63,1,12/31/14,F
23,REL 10948,Ara + 5,60000,Positive,74,52,73,69,1,12/31/14,F
24,Ara - 1,REL 11648,60000,Negative,51,54,65,54,1,12/31/14,F
25,Ara - 4,REL 11648,60000,Negative,46,83,78,40,1,12/31/14,F
26,Ara - 5,REL 11648,60000,Negative,61,86,93,42,1,12/31/14,F
27,Ara - 6,REL 11648,60000,Negative,52,84,77,72,1,12/31/14,F
1,REL 10948,Ara + 1,40000,Positive,72,69,107,65,1,1/14/15,G
2,REL 10948,Ara + 2,40000,Positive,79,61,70,104,1,1/14/15,G
3,REL 10948,Ara + 3,40000,Positive,63,61,40,80,1,1/14/15,G
4,REL 10948,Ara + 4,40000,Positive,67,65,87,88,1,1/14/15,G
5,REL 10948,Ara + 5,40000,Positive,69,66,94,62,1,1/14/15,G
6,Ara - 1,REL 11648,40000,Negative,65,81,94,43,1,1/14/15,G
7,Ara - 4,REL 11648,40000,Negative,62,71,113,37,1,1/14/15,G
8,Ara - 5,REL 11648,40000,Negative,79,62,74,88,1,1/14/15,G
9,Ara - 6,REL 11648,40000,Negative,95,86,114,66,1,1/14/15,G
10,REL 10948,Ara + 1,50000,Positive,87,82,51,89,1,1/14/15,G
11,REL 10948,Ara + 2,50000,Positive,81,45,46,56,1,1/14/15,G
12,REL 10948,Ara + 3,50000,Positive,73,43,23,62,1,1/14/15,G
13,REL 10948,Ara + 4,50000,Positive,69,57,82,48,1,1/14/15,G
14,REL 10948,Ara + 5,50000,Positive,70,53,66,67,1,1/14/15,G
15,Ara - 1,REL 11648,50000,Negative,54,65,77,38,1,1/14/15,G
16,Ara - 4,REL 11648,50000,Negative,48,72,75,31,1,1/14/15,G
17,Ara - 5,REL 11648,50000,Negative,59,69,53,60,1,1/14/15,G
18,Ara - 6,REL 11648,50000,Negative,62,76,111,77,1,1/14/15,G
19,REL 10948,Ara + 1,60000,Positive,60,114,86,71,1,1/14/15,G
20,REL 10948,Ara + 2,60000,Positive,85,56,43,105,1,1/14/15,G
21,REL 10948,Ara + 3,60000,Positive,84,49,28,91,1,1/14/15,G
22,REL 10948,Ara + 4,60000,Positive,73,58,53,93,1,1/14/15,G
23,REL 10948,Ara + 5,60000,Positive,76,26,87,66,1,1/14/15,G
24,Ara - 1,REL 11648,60000,Negative,36,86,71,16,1,1/14/15,G
25,Ara - 4,REL 11648,60000,Negative,55,81,48,17,1,1/14/15,G
26,Ara - 5,REL 11648,60000,Negative,76,68,106,77,1,1/14/15,G
27,Ara - 6,REL 11648,60000,Negative,55,74,82,58,1,1/14/15,G
1,REL 10948,Ara + 1,40000,Positive,81,75,96,87,1,1/14/15,H
2,REL 10948,Ara + 2,40000,Positive,70,56,60,81,1,1/14/15,H
3,REL 10948,Ara + 3,40000,Positive,79,54,33,93,1,1/14/15,H
4,REL 10948,Ara + 4,40000,Positive,64,36,73,59,1,1/14/15,H
5,REL 10948,Ara + 5,40000,Positive,76,66,87,71,1,1/14/15,H
6,Ara - 1,REL 11648,40000,Negative,60,60,86,48,1,1/14/15,H
7,Ara - 4,REL 11648,40000,Negative,41,69,83,39,1,1/14/15,H
8,Ara - 5,REL 11648,40000,Negative,75,69,75,81,1,1/14/15,H
9,Ara - 6,REL 11648,40000,Negative,62,62,90,57,1,1/14/15,H
10,REL 10948,Ara + 1,50000,Positive,98,90,89,96,1,1/14/15,H
11,REL 10948,Ara + 2,50000,Positive,71,32,46,92,1,1/14/15,H
12,REL 10948,Ara + 3,50000,Positive,87,35,29,71,1,1/14/15,H
13,REL 10948,Ara + 4,50000,Positive,80,55,99,53,1,1/14/15,H
14,REL 10948,Ara + 5,50000,Positive,77,65,58,67,1,1/14/15,H
15,Ara - 1,REL 11648,50000,Negative,40,89,79,35,1,1/14/15,H
16,Ara - 4,REL 11648,50000,Negative,62,72,71,23,1,1/14/15,H
17,Ara - 5,REL 11648,50000,Negative,59,106,91,56,1,1/14/15,H
18,Ara - 6,REL 11648,50000,Negative,93,72,130,83,1,1/14/15,H
19,REL 10948,Ara + 1,60000,Positive,74,78,59,49,1,1/14/15,H
20,REL 10948,Ara + 2,60000,Positive,77,62,31,54,1,1/14/15,H
21,REL 10948,Ara + 3,60000,Positive,71,39,19,90,1,1/14/15,H
22,REL 10948,Ara + 4,60000,Positive,90,41,41,100,1,1/14/15,H
23,REL 10948,Ara + 5,60000,Positive,74,42,26,52,1,1/14/15,H
24,Ara - 1,REL 11648,60000,Negative,47,79,39,34,1,1/14/15,H
25,Ara - 4,REL 11648,60000,Negative,49,96,74,31,1,1/14/15,H
26,Ara - 5,REL 11648,60000,Negative,79,88,86,54,1,1/14/15,H
27,Ara - 6,REL 11648,60000,Negative,54,84,74,50,1,1/14/15,H
1,REL 10948,Ara + 1,40000,Positive,90,100,84,57,1,1/14/15,I
2,REL 10948,Ara + 2,40000,Positive,92,56,67,99,1,1/14/15,I
3,REL 10948,Ara + 3,40000,Positive,73,63,41,99,1,1/14/15,I
4,REL 10948,Ara + 4,40000,Positive,79,61,87,75,1,1/14/15,I
5,REL 10948,Ara + 5,40000,Positive,70,69,72,54,1,1/14/15,I
6,Ara - 1,REL 11648,40000,Negative,79,102,96,52,1,1/14/15,I
7,Ara - 4,REL 11648,40000,Negative,65,94,94,55,1,1/14/15,I
8,Ara - 5,REL 11648,40000,Negative,100,80,83,80,1,1/14/15,I
9,Ara - 6,REL 11648,40000,Negative,80,87,129,74,1,1/14/15,I
10,REL 10948,Ara + 1,50000,Positive,93,86,67,71,1,1/14/15,I
11,REL 10948,Ara + 2,50000,Positive,88,54,42,105,1,1/14/15,I
12,REL 10948,Ara + 3,50000,Positive,106,48,37,96,1,1/14/15,I
13,REL 10948,Ara + 4,50000,Positive,99,58,77,60,1,1/14/15,I
14,REL 10948,Ara + 5,50000,Positive,90,58,73,87,1,1/14/15,I
15,Ara - 1,REL 11648,50000,Negative,62,112,75,38,1,1/14/15,I
16,Ara - 4,REL 11648,50000,Negative,57,96,90,45,1,1/14/15,I
17,Ara - 5,REL 11648,50000,Negative,80,100,91,86,1,1/14/15,I
18,Ara - 6,REL 11648,50000,Negative,85,113,106,60,1,1/14/15,I
19,REL 10948,Ara + 1,60000,Positive,83,76,113,82,1,1/14/15,I
20,REL 10948,Ara + 2,60000,Positive,86,58,36,91,1,1/14/15,I
21,REL 10948,Ara + 3,60000,Positive,91,54,31,109,1,1/14/15,I
22,REL 10948,Ara + 4,60000,Positive,115,49,55,97,1,1/14/15,I
23,REL 10948,Ara + 5,60000,Positive,93,65,63,100,1,1/14/15,I
24,Ara - 1,REL 11648,60000,Negative,57,108,64,34,1,1/14/15,I
25,Ara - 4,REL 11648,60000,Negative,57,88,112,40,1,1/14/15,I
26,Ara - 5,REL 11648,60000,Negative,64,94,115,70,1,1/14/15,I
27,Ara - 6,REL 11648,60000,Negative,70,102,88,55,1,1/14/15,I
1,REL 10948,Ara + 1,40000,Positive,91,81,100,60,1,1/22/15,J
2,REL 10948,Ara + 2,40000,Positive,69,30,73,78,1,1/22/15,J
3,REL 10948,Ara + 3,40000,Positive,83,47,32,82,1,1/22/15,J
4,REL 10948,Ara + 4,40000,Positive,68,79,78,74,1,1/22/15,J
5,REL 10948,Ara + 5,40000,Positive,83,57,69,55,1,1/22/15,J
6,Ara - 1,REL 11648,40000,Negative,34,68,85,48,1,1/22/15,J
7,Ara - 4,REL 11648,40000,Negative,71,86,96,53,1,1/22/15,J
8,Ara - 5,REL 11648,40000,Negative,106,76,67,74,1,1/22/15,J
9,Ara - 6,REL 11648,40000,Negative,82,80,89,89,1,1/22/15,J
10,REL 10948,Ara + 1,50000,Positive,46,43,99,54,1,1/22/15,J
11,REL 10948,Ara + 2,50000,Positive,68,10,45,92,1,1/22/15,J
12,REL 10948,Ara + 3,50000,Positive,66,20,26,62,1,1/22/15,J
13,REL 10948,Ara + 4,50000,Positive,79,48,58,59,1,1/22/15,J
14,REL 10948,Ara + 5,50000,Positive,99,88,61,55,1,1/22/15,J
15,Ara - 1,REL 11648,50000,Negative,45,75,67,41,1,1/22/15,J
16,Ara - 4,REL 11648,50000,Negative,50,81,79,49,1,1/22/15,J
17,Ara - 5,REL 11648,50000,Negative,75,70,74,65,1,1/22/15,J
18,Ara - 6,REL 11648,50000,Negative,78,73,79,56,1,1/22/15,J
19,REL 10948,Ara + 1,60000,Positive,80,77,99,68,1,1/22/15,J
20,REL 10948,Ara + 2,60000,Positive,58,11,33,71,1,1/22/15,J
21,REL 10948,Ara + 3,60000,Positive,75,33,7,33,1,1/22/15,J
22,REL 10948,Ara + 4,60000,Positive,79,38,54,71,1,1/22/15,J
23,REL 10948,Ara + 5,60000,Positive,82,63,58,61,1,1/22/15,J
24,Ara - 1,REL 11648,60000,Negative,38,84,57,31,1,1/22/15,J
25,Ara - 4,REL 11648,60000,Negative,43,60,76,26,1,1/22/15,J
26,Ara - 5,REL 11648,60000,Negative,77,75,78,44,1,1/22/15,J
27,Ara - 6,REL 11648,60000,Negative,66,66,102,58,1,1/22/15,J
1,REL 10948,Ara + 1,40000,Positive,80,91,94,62,1,1/22/15,K
2,REL 10948,Ara + 2,40000,Positive,88,59,58,85,1,1/22/15,K
3,REL 10948,Ara + 3,40000,Positive,83,56,31,102,1,1/22/15,K
4,REL 10948,Ara + 4,40000,Positive,81,74,67,63,1,1/22/15,K
5,REL 10948,Ara + 5,40000,Positive,82,75,95,64,1,1/22/15,K
6,Ara - 1,REL 11648,40000,Negative,46,75,105,51,1,1/22/15,K
7,Ara - 4,REL 11648,40000,Negative,47,85,88,43,1,1/22/15,K
8,Ara - 5,REL 11648,40000,Negative,96,89,62,82,1,1/22/15,K
9,Ara - 6,REL 11648,40000,Negative,62,105,90,70,1,1/22/15,K
10,REL 10948,Ara + 1,50000,Positive,80,57,131,52,1,1/22/15,K
11,REL 10948,Ara + 2,50000,Positive,30,45,49,71,1,1/22/15,K
12,REL 10948,Ara + 3,50000,Positive,88,25,18,43,1,1/22/15,K
13,REL 10948,Ara + 4,50000,Positive,95,58,82,74,1,1/22/15,K
14,REL 10948,Ara + 5,50000,Positive,96,56,70,59,1,1/22/15,K
15,Ara - 1,REL 11648,50000,Negative,16,89,83,36,1,1/22/15,K
16,Ara - 4,REL 11648,50000,Negative,51,90,94,58,1,1/22/15,K
17,Ara - 5,REL 11648,50000,Negative,64,79,87,72,1,1/22/15,K
18,Ara - 6,REL 11648,50000,Negative,84,86,126,46,1,1/22/15,K
19,REL 10948,Ara + 1,60000,Positive,96,84,123,63,1,1/22/15,K
20,REL 10948,Ara + 2,60000,Positive,53,59,29,88,1,1/22/15,K
21,REL 10948,Ara + 3,60000,Positive,81,78,22,69,1,1/22/15,K
22,REL 10948,Ara + 4,60000,Positive,58,84,48,84,1,1/22/15,K
23,REL 10948,Ara + 5,60000,Positive,71,54,37,46,1,1/22/15,K
24,Ara - 1,REL 11648,60000,Negative,59,102,76,30,1,1/22/15,K
25,Ara - 4,REL 11648,60000,Negative,51,88,84,19,1,1/22/15,K
26,Ara - 5,REL 11648,60000,Negative,59,78,84,64,1,1/22/15,K
27,Ara - 6,REL 11648,60000,Negative,69,88,115,54,1,1/22/15,K
1,REL 10948,Ara + 1,40000,Positive,79,89,92,65,1,1/22/15,L
2,REL 10948,Ara + 2,40000,Positive,78,19,61,66,1,1/22/15,L
3,REL 10948,Ara + 3,40000,Positive,61,38,34,77,1,1/22/15,L
4,REL 10948,Ara + 4,40000,Positive,69,79,71,84,1,1/22/15,L
5,REL 10948,Ara + 5,40000,Positive,87,61,76,61,1,1/22/15,L
6,Ara - 1,REL 11648,40000,Negative,40,74,75,30,1,1/22/15,L
7,Ara - 4,REL 11648,40000,Negative,43,77,86,61,1,1/22/15,L
8,Ara - 5,REL 11648,40000,Negative,73,79,36,47,1,1/22/15,L
9,Ara - 6,REL 11648,40000,Negative,75,77,102,69,1,1/22/15,L
10,REL 10948,Ara + 1,50000,Positive,80,53,94,55,1,1/22/15,L
11,REL 10948,Ara + 2,50000,Positive,48,48,37,99,1,1/22/15,L
12,REL 10948,Ara + 3,50000,Positive,74,31,22,37,1,1/22/15,L
13,REL 10948,Ara + 4,50000,Positive,64,56,57,31,1,1/22/15,L
14,REL 10948,Ara + 5,50000,Positive,70,60,91,74,1,1/22/15,L
15,Ara - 1,REL 11648,50000,Negative,35,87,75,36,1,1/22/15,L
16,Ara - 4,REL 11648,50000,Negative,31,76,61,30,1,1/22/15,L
17,Ara - 5,REL 11648,50000,Negative,57,75,81,128,1,1/22/15,L
18,Ara - 6,REL 11648,50000,Negative,79,72,119,52,1,1/22/15,L
19,REL 10948,Ara + 1,60000,Positive,84,86,77,69,1,1/22/15,L
20,REL 10948,Ara + 2,60000,Positive,77,22,33,105,1,1/22/15,L
21,REL 10948,Ara + 3,60000,Positive,81,38,8,74,1,1/22/15,L
22,REL 10948,Ara + 4,60000,Positive,87,45,45,81,1,1/22/15,L
23,REL 10948,Ara + 5,60000,Positive,93,56,58,57,1,1/22/15,L
24,Ara - 1,REL 11648,60000,Negative,47,101,66,28,1,1/22/15,L
25,Ara - 4,REL 11648,60000,Negative,50,78,106,22,1,1/22/15,L
26,Ara - 5,REL 11648,60000,Negative,58,83,83,63,1,1/22/15,L
27,Ara - 6,REL 11648,60000,Negative,69,76,104,53,1,1/22/15,L
1,REL 10948,Ara + 1,40000,Positive,56,96,76,61,1,1/27/15,M
2,REL 10948,Ara + 2,40000,Positive,73,59,75,81,1,1/27/15,M
3,REL 10948,Ara + 3,40000,Positive,71,51,36,95,1,1/27/15,M
4,REL 10948,Ara + 4,40000,Positive,63,58,75,75,1,1/27/15,M
5,REL 10948,Ara + 5,40000,Positive,73,53,83,59,1,1/27/15,M
6,Ara - 1,REL 11648,40000,Negative,63,76,56,76,1,1/27/15,M
7,Ara - 4,REL 11648,40000,Negative,57,71,94,64,1,1/27/15,M
8,Ara - 5,REL 11648,40000,Negative,78,78,79,75,1,1/27/15,M
9,Ara - 6,REL 11648,40000,Negative,67,67,115,90,1,1/27/15,M
10,REL 10948,Ara + 1,50000,Positive,78,84,91,81,1,1/27/15,M
11,REL 10948,Ara + 2,50000,Positive,92,54,54,84,1,1/27/15,M
12,REL 10948,Ara + 3,50000,Positive,88,35,22,64,1,1/27/15,M
13,REL 10948,Ara + 4,50000,Positive,76,47,65,45,1,1/27/15,M
14,REL 10948,Ara + 5,50000,Positive,52,49,64,57,1,1/27/15,M
15,Ara - 1,REL 11648,50000,Negative,55,85,49,37,1,1/27/15,M
16,Ara - 4,REL 11648,50000,Negative,53,66,77,27,1,1/27/15,M
17,Ara - 5,REL 11648,50000,Negative,44,67,64,55,1,1/27/15,M
18,Ara - 6,REL 11648,50000,Negative,75,70,104,55,1,1/27/15,M
19,REL 10948,Ara + 1,60000,Positive,56,90,82,68,1,1/27/15,M
20,REL 10948,Ara + 2,60000,Positive,69,32,44,103,1,1/27/15,M
21,REL 10948,Ara + 3,60000,Positive,66,41,18,73,1,1/27/15,M
22,REL 10948,Ara + 4,60000,Positive,72,46,56,75,1,1/27/15,M
23,REL 10948,Ara + 5,60000,Positive,65,61,54,75,1,1/27/15,M
24,Ara - 1,REL 11648,60000,Negative,44,88,80,45,1,1/27/15,M
25,Ara - 4,REL 11648,60000,Negative,0,4,92,46,1,1/27/15,M
26,Ara - 5,REL 11648,60000,Negative,47,64,112,58,1,1/27/15,M
27,Ara - 6,REL 11648,60000,Negative,57,68,86,48,1,1/27/15,M
1,REL 10948,Ara + 1,40000,Positive,74,79,80,57,1,1/27/15,N
2,REL 10948,Ara + 2,40000,Positive,72,80,44,77,1,1/27/15,N
3,REL 10948,Ara + 3,40000,Positive,75,48,13,65,1,1/27/15,N
4,REL 10948,Ara + 4,40000,Positive,82,66,57,46,1,1/27/15,N
5,REL 10948,Ara + 5,40000,Positive,89,60,71,81,1,1/27/15,N
6,Ara - 1,REL 11648,40000,Negative,75,60,107,39,1,1/27/15,N
7,Ara - 4,REL 11648,40000,Negative,51,66,83,43,1,1/27/15,N
8,Ara - 5,REL 11648,40000,Negative,79,85,80,86,1,1/27/15,N
9,Ara - 6,REL 11648,40000,Negative,76,65,111,67,1,1/27/15,N
10,REL 10948,Ara + 1,50000,Positive,48,68,85,99,1,1/27/15,N
11,REL 10948,Ara + 2,50000,Positive,71,48,48,84,1,1/27/15,N
12,REL 10948,Ara + 3,50000,Positive,71,30,24,75,1,1/27/15,N
13,REL 10948,Ara + 4,50000,Positive,84,45,66,44,1,1/27/15,N
14,REL 10948,Ara + 5,50000,Positive,71,50,47,59,1,1/27/15,N
15,Ara - 1,REL 11648,50000,Negative,47,73,84,31,1,1/27/15,N
16,Ara - 4,REL 11648,50000,Negative,36,68,99,47,1,1/27/15,N
17,Ara - 5,REL 11648,50000,Negative,66,62,72,41,1,1/27/15,N
18,Ara - 6,REL 11648,50000,Negative,89,57,91,37,1,1/27/15,N
19,REL 10948,Ara + 1,60000,Positive,65,100,90,60,1,1/27/15,N
20,REL 10948,Ara + 2,60000,Positive,66,55,42,103,1,1/27/15,N
21,REL 10948,Ara + 3,60000,Positive,67,32,20,74,1,1/27/15,N
22,REL 10948,Ara + 4,60000,Positive,66,48,50,89,1,1/27/15,N
23,REL 10948,Ara + 5,60000,Positive,66,47,53,63,1,1/27/15,N
24,Ara - 1,REL 11648,60000,Negative,37,54,56,30,1,1/27/15,N
25,Ara - 4,REL 11648,60000,Negative,48,57,74,16,1,1/27/15,N
26,Ara - 5,REL 11648,60000,Negative,44,47,99,64,1,1/27/15,N
27,Ara - 6,REL 11648,60000,Negative,69,69,109,43,1,1/27/15,N
1,REL 10948,Ara + 1,40000,Positive,67,72,94,60,1,1/27/15,O
2,REL 10948,Ara + 2,40000,Positive,70,72,77,88,1,1/27/15,O
3,REL 10948,Ara + 3,40000,Positive,83,44,,,1,1/27/15,O
4,REL 10948,Ara + 4,40000,Positive,54,70,93,76,1,1/27/15,O
5,REL 10948,Ara + 5,40000,Positive,62,54,82,65,1,1/27/15,O
6,Ara - 1,REL 11648,40000,Negative,65,44,99,46,1,1/27/15,O
7,Ara - 4,REL 11648,40000,Negative,46,71,99,46,1,1/27/15,O
8,Ara - 5,REL 11648,40000,Negative,77,64,77,73,1,1/27/15,O
9,Ara - 6,REL 11648,40000,Negative,77,74,123,82,1,1/27/15,O
10,REL 10948,Ara + 1,50000,Positive,68,76,71,62,1,1/27/15,O
11,REL 10948,Ara + 2,50000,Positive,76,45,47,75,1,1/27/15,O
12,REL 10948,Ara + 3,50000,Positive,71,32,13,49,1,1/27/15,O
13,REL 10948,Ara + 4,50000,Positive,71,41,87,38,1,1/27/15,O
14,REL 10948,Ara + 5,50000,Positive,71,52,90,59,1,1/27/15,O
15,Ara - 1,REL 11648,50000,Negative,47,67,68,31,1,1/27/15,O
16,Ara - 4,REL 11648,50000,Negative,42,70,80,40,1,1/27/15,O
17,Ara - 5,REL 11648,50000,Negative,59,93,54,62,1,1/27/15,O
18,Ara - 6,REL 11648,50000,Negative,92,61,118,52,1,1/27/15,O
19,REL 10948,Ara + 1,60000,Positive,88,98,105,68,1,1/27/15,O
20,REL 10948,Ara + 2,60000,Positive,64,45,24,64,1,1/27/15,O
21,REL 10948,Ara + 3,60000,Positive,74,26,23,61,1,1/27/15,O
22,REL 10948,Ara + 4,60000,Positive,70,54,32,70,1,1/27/15,O
23,REL 10948,Ara + 5,60000,Positive,67,39,44,60,1,1/27/15,O
24,Ara - 1,REL 11648,60000,Negative,32,61,50,31,1,1/27/15,O
25,Ara - 4,REL 11648,60000,Negative,48,74,63,24,1,1/27/15,O
26,Ara - 5,REL 11648,60000,Negative,77,82,67,49,1,1/27/15,O
27,Ara - 6,REL 11648,60000,Negative,53,90,69,36,1,1/27/15,O
1,REL 10948,Ara + 1,40000,Positive,72,76,97,36,1,2/3/15,P
2,REL 10948,Ara + 2,40000,Positive,77,76,49,61,1,2/3/15,P
3,REL 10948,Ara + 3,40000,Positive,75,64,27,76,1,2/3/15,P
4,REL 10948,Ara + 4,40000,Positive,92,100,75,60,1,2/3/15,P
5,REL 10948,Ara + 5,40000,Positive,92,72,79,47,1,2/3/15,P
6,Ara - 1,REL 11648,40000,Negative,63,74,42,91,1,2/3/15,P
7,Ara - 4,REL 11648,40000,Negative,48,80,93,55,1,2/3/15,P
8,Ara - 5,REL 11648,40000,Negative,73,67,72,49,1,2/3/15,P
9,Ara - 6,REL 11648,40000,Negative,91,64,82,73,1,2/3/15,P
10,REL 10948,Ara + 1,50000,Positive,63,71,93,49,1,2/3/15,P
11,REL 10948,Ara + 2,50000,Positive,65,59,48,79,1,2/3/15,P
12,REL 10948,Ara + 3,50000,Positive,87,36,15,60,1,2/3/15,P
13,REL 10948,Ara + 4,50000,Positive,87,45,72,53,1,2/3/15,P
14,REL 10948,Ara + 5,50000,Positive,76,53,91,56,1,2/3/15,P
15,Ara - 1,REL 11648,50000,Negative,40,75,98,36,1,2/3/15,P
16,Ara - 4,REL 11648,50000,Negative,61,86,66,34,1,2/3/15,P
17,Ara - 5,REL 11648,50000,Negative,48,85,67,74,1,2/3/15,P
18,Ara - 6,REL 11648,50000,Negative,82,70,93,53,1,2/3/15,P
19,REL 10948,Ara + 1,60000,Positive,82,74,69,68,1,2/3/15,P
20,REL 10948,Ara + 2,60000,Positive,78,61,35,74,1,2/3/15,P
21,REL 10948,Ara + 3,60000,Positive,79,35,16,45,1,2/3/15,P
22,REL 10948,Ara + 4,60000,Positive,75,41,42,87,1,2/3/15,P
23,REL 10948,Ara + 5,60000,Positive,81,51,36,57,1,2/3/15,P
24,Ara - 1,REL 11648,60000,Negative,33,79,82,32,1,2/3/15,P
25,Ara - 4,REL 11648,60000,Negative,47,73,39,27,1,2/3/15,P
26,Ara - 5,REL 11648,60000,Negative,78,74,76,42,1,2/3/15,P
27,Ara - 6,REL 11648,60000,Negative,77,74,82,46,1,2/3/15,P
1,REL 10948,Ara + 1,40000,Positive,81,85,73,39,1,2/3/15,Q
2,REL 10948,Ara + 2,40000,Positive,75,89,62,84,1,2/3/15,Q
3,REL 10948,Ara + 3,40000,Positive,74,67,31,79,1,2/3/15,Q
4,REL 10948,Ara + 4,40000,Positive,88,71,80,82,1,2/3/15,Q
5,REL 10948,Ara + 5,40000,Positive,84,61,74,52,1,2/3/15,Q
6,Ara - 1,REL 11648,40000,Negative,68,76,54,98,1,2/3/15,Q
7,Ara - 4,REL 11648,40000,Negative,52,85,99,35,1,2/3/15,Q
8,Ara - 5,REL 11648,40000,Negative,71,76,58,79,1,2/3/15,Q
9,Ara - 6,REL 11648,40000,Negative,60,77,66,74,1,2/3/15,Q
10,REL 10948,Ara + 1,50000,Positive,82,78,106,45,1,2/3/15,Q
11,REL 10948,Ara + 2,50000,Positive,78,74,58,127,1,2/3/15,Q
12,REL 10948,Ara + 3,50000,Positive,82,45,20,31,1,2/3/15,Q
13,REL 10948,Ara + 4,50000,Positive,80,53,77,61,1,2/3/15,Q
14,REL 10948,Ara + 5,50000,Positive,80,73,72,75,1,2/3/15,Q
15,Ara - 1,REL 11648,50000,Negative,56,78,83,65,1,2/3/15,Q
16,Ara - 4,REL 11648,50000,Negative,63,92,69,41,1,2/3/15,Q
17,Ara - 5,REL 11648,50000,Negative,68,89,94,72,1,2/3/15,Q
18,Ara - 6,REL 11648,50000,Negative,74,99,106,51,1,2/3/15,Q
19,REL 10948,Ara + 1,60000,Positive,64,92,120,66,1,2/3/15,Q
20,REL 10948,Ara + 2,60000,Positive,83,55,47,69,1,2/3/15,Q
21,REL 10948,Ara + 3,60000,Positive,69,39,22,90,1,2/3/15,Q
22,REL 10948,Ara + 4,60000,Positive,81,35,52,69,1,2/3/15,Q
23,REL 10948,Ara + 5,60000,Positive,82,54,39,59,1,2/3/15,Q
24,Ara - 1,REL 11648,60000,Negative,33,71,77,26,1,2/3/15,Q
25,Ara - 4,REL 11648,60000,Negative,51,93,87,30,1,2/3/15,Q
26,Ara - 5,REL 11648,60000,Negative,70,89,82,45,1,2/3/15,Q
27,Ara - 6,REL 11648,60000,Negative,60,82,84,43,1,2/3/15,Q
1,REL 10948,Ara + 1,40000,Positive,77,73,85,44,1,2/3/15,R
2,REL 10948,Ara + 2,40000,Positive,75,89,62,80,1,2/3/15,R
3,REL 10948,Ara + 3,40000,Positive,91,46,23,95,1,2/3/15,R
4,REL 10948,Ara + 4,40000,Positive,71,86,67,77,1,2/3/15,R
5,REL 10948,Ara + 5,40000,Positive,74,57,74,66,1,2/3/15,R
6,Ara - 1,REL 11648,40000,Negative,60,72,91,51,1,2/3/15,R
7,Ara - 4,REL 11648,40000,Negative,41,74,85,46,1,2/3/15,R
8,Ara - 5,REL 11648,40000,Negative,71,71,76,66,1,2/3/15,R
9,Ara - 6,REL 11648,40000,Negative,81,75,86,71,1,2/3/15,R
10,REL 10948,Ara + 1,50000,Positive,71,58,85,57,1,2/3/15,R
11,REL 10948,Ara + 2,50000,Positive,61,54,54,59,1,2/3/15,R
12,REL 10948,Ara + 3,50000,Positive,78,39,19,45,1,2/3/15,R
13,REL 10948,Ara + 4,50000,Positive,59,46,68,43,1,2/3/15,R
14,REL 10948,Ara + 5,50000,Positive,70,64,60,55,1,2/3/15,R
15,Ara - 1,REL 11648,50000,Negative,43,86,100,43,1,2/3/15,R
16,Ara - 4,REL 11648,50000,Negative,56,87,58,31,1,2/3/15,R
17,Ara - 5,REL 11648,50000,Negative,56,57,63,42,1,2/3/15,R
18,Ara - 6,REL 11648,50000,Negative,66,83,69,44,1,2/3/15,R
19,REL 10948,Ara + 1,60000,Positive,62,90,80,69,1,2/3/15,R
20,REL 10948,Ara + 2,60000,Positive,66,66,23,65,1,2/3/15,R
21,REL 10948,Ara + 3,60000,Positive,78,35,17,67,1,2/3/15,R
22,REL 10948,Ara + 4,60000,Positive,77,47,48,86,1,2/3/15,R
23,REL 10948,Ara + 5,60000,Positive,102,49,36,54,1,2/3/15,R
24,Ara - 1,REL 11648,60000,Negative,26,87,65,26,1,2/3/15,R
25,Ara - 4,REL 11648,60000,Negative,46,72,70,33,1,2/3/15,R
26,Ara - 5,REL 11648,60000,Negative,66,80,62,35,1,2/3/15,R
27,Ara - 6,REL 11648,60000,Negative,66,89,74,50,1,2/3/15,R
1,REL 10948,Ara + 1,40000,Positive,50,57,97,43,1,2/10/15,S
2,REL 10948,Ara + 2,40000,Positive,61,58,52,66,1,2/10/15,S
3,REL 10948,Ara + 3,40000,Positive,55,35,28,38,1,2/10/15,S
4,REL 10948,Ara + 4,40000,Positive,55,53,90,66,1,2/10/15,S
5,REL 10948,Ara + 5,40000,Positive,66,40,63,55,1,2/10/15,S
6,Ara - 1,REL 11648,40000,Negative,43,58,85,58,1,2/10/15,S
7,Ara - 4,REL 11648,40000,Negative,43,67,108,72,1,2/10/15,S
8,Ara - 5,REL 11648,40000,Negative,56,53,71,63,1,2/10/15,S
9,Ara - 6,REL 11648,40000,Negative,69,63,89,81,1,2/10/15,S
10,REL 10948,Ara + 1,50000,Positive,57,61,80,39,1,2/10/15,S
11,REL 10948,Ara + 2,50000,Positive,65,36,41,8,1,2/10/15,S
12,REL 10948,Ara + 3,50000,Positive,64,31,23,76,1,2/10/15,S
13,REL 10948,Ara + 4,50000,Positive,51,41,81,30,1,2/10/15,S
14,REL 10948,Ara + 5,50000,Positive,43,36,72,57,1,2/10/15,S
15,Ara - 1,REL 11648,50000,Negative,36,63,52,38,1,2/10/15,S
16,Ara - 4,REL 11648,50000,Negative,37,79,70,49,1,2/10/15,S
17,Ara - 5,REL 11648,50000,Negative,57,63,70,75,1,2/10/15,S
18,Ara - 6,REL 11648,50000,Negative,60,63,98,54,1,2/10/15,S
19,REL 10948,Ara + 1,60000,Positive,62,75,104,70,1,2/10/15,S
20,REL 10948,Ara + 2,60000,Positive,43,12,44,104,1,2/10/15,S
21,REL 10948,Ara + 3,60000,Positive,73,26,20,67,1,2/10/15,S
22,REL 10948,Ara + 4,60000,Positive,39,32,48,89,1,2/10/15,S
23,REL 10948,Ara + 5,60000,Positive,59,51,58,93,1,2/10/15,S
24,Ara - 1,REL 11648,60000,Negative,29,70,82,27,1,2/10/15,S
25,Ara - 4,REL 11648,60000,Negative,35,84,72,28,1,2/10/15,S
26,Ara - 5,REL 11648,60000,Negative,40,78,85,39,1,2/10/15,S
27,Ara - 6,REL 11648,60000,Negative,53,83,84,77,1,2/10/15,S
1,REL 10948,Ara + 1,40000,Positive,60,66,80,55,1,2/10/15,T
2,REL 10948,Ara + 2,40000,Positive,66,63,46,41,1,2/10/15,T
3,REL 10948,Ara + 3,40000,Positive,76,55,22,69,1,2/10/15,T
4,REL 10948,Ara + 4,40000,Positive,56,43,53,51,1,2/10/15,T
5,REL 10948,Ara + 5,40000,Positive,48,58,75,60,1,2/10/15,T
6,Ara - 1,REL 11648,40000,Negative,65,76,78,31,1,2/10/15,T
7,Ara - 4,REL 11648,40000,Negative,53,66,58,38,1,2/10/15,T
8,Ara - 5,REL 11648,40000,Negative,75,58,59,57,1,2/10/15,T
9,Ara - 6,REL 11648,40000,Negative,77,64,69,44,1,2/10/15,T
10,REL 10948,Ara + 1,50000,Positive,61,61,88,31,1,2/10/15,T
11,REL 10948,Ara + 2,50000,Positive,40,28,49,6,1,2/10/15,T
12,REL 10948,Ara + 3,50000,Positive,67,31,29,53,1,2/10/15,T
13,REL 10948,Ara + 4,50000,Positive,56,35,51,41,1,2/10/15,T
14,REL 10948,Ara + 5,50000,Positive,63,44,51,56,1,2/10/15,T
15,Ara - 1,REL 11648,50000,Negative,37,56,68,33,1,2/10/15,T
16,Ara - 4,REL 11648,50000,Negative,58,68,22,92,1,2/10/15,T
17,Ara - 5,REL 11648,50000,Negative,49,77,56,54,1,2/10/15,T
18,Ara - 6,REL 11648,50000,Negative,71,60,80,55,1,2/10/15,T
19,REL 10948,Ara + 1,60000,Positive,67,62,80,55,1,2/10/15,T
20,REL 10948,Ara + 2,60000,Positive,55,34,22,70,1,2/10/15,T
21,REL 10948,Ara + 3,60000,Positive,67,37,27,67,1,2/10/15,T
22,REL 10948,Ara + 4,60000,Positive,42,61,34,67,1,2/10/15,T
23,REL 10948,Ara + 5,60000,Positive,74,38,45,57,1,2/10/15,T
24,Ara - 1,REL 11648,60000,Negative,34,59,60,22,1,2/10/15,T
25,Ara - 4,REL 11648,60000,Negative,49,67,71,33,1,2/10/15,T
26,Ara - 5,REL 11648,60000,Negative,52,64,74,57,1,2/10/15,T
27,Ara - 6,REL 11648,60000,Negative,41,77,75,31,1,2/10/15,T
1,REL 10948,Ara + 1,40000,Positive,63,71,83,65,1,2/10/15,U
2,REL 10948,Ara + 2,40000,Positive,76,56,54,80,1,2/10/15,U
3,REL 10948,Ara + 3,40000,Positive,70,59,28,90,1,2/10/15,U
4,REL 10948,Ara + 4,40000,Positive,75,52,79,71,1,2/10/15,U
5,REL 10948,Ara + 5,40000,Positive,51,45,111,51,1,2/10/15,U
6,Ara - 1,REL 11648,40000,Negative,53,80,99,54,1,2/10/15,U
7,Ara - 4,REL 11648,40000,Negative,47,67,66,55,1,2/10/15,U
8,Ara - 5,REL 11648,40000,Negative,65,51,65,75,1,2/10/15,U
9,Ara - 6,REL 11648,40000,Negative,66,65,93,66,1,2/10/15,U
10,REL 10948,Ara + 1,50000,Positive,50,58,129,40,1,2/10/15,U
11,REL 10948,Ara + 2,50000,Positive,51,36,50,10,1,2/10/15,U
12,REL 10948,Ara + 3,50000,Positive,71,29,16,53,1,2/10/15,U
13,REL 10948,Ara + 4,50000,Positive,62,36,78,41,1,2/10/15,U
14,REL 10948,Ara + 5,50000,Positive,107,43,59,38,1,2/10/15,U
15,Ara - 1,REL 11648,50000,Negative,28,74,63,39,1,2/10/15,U
16,Ara - 4,REL 11648,50000,Negative,51,67,12,129,1,2/10/15,U
17,Ara - 5,REL 11648,50000,Negative,40,63,60,68,1,2/10/15,U
18,Ara - 6,REL 11648,50000,Negative,47,80,96,45,1,2/10/15,U
19,REL 10948,Ara + 1,60000,Positive,50,55,90,63,1,2/10/15,U
20,REL 10948,Ara + 2,60000,Positive,67,47,30,46,1,2/10/15,U
21,REL 10948,Ara + 3,60000,Positive,66,40,19,54,1,2/10/15,U
22,REL 10948,Ara + 4,60000,Positive,48,44,57,85,1,2/10/15,U
23,REL 10948,Ara + 5,60000,Positive,48,46,61,64,1,2/10/15,U
24,Ara - 1,REL 11648,60000,Negative,17,50,35,33,1,2/10/15,U
25,Ara - 4,REL 11648,60000,Negative,40,64,72,30,1,2/10/15,U
26,Ara - 5,REL 11648,60000,Negative,59,51,79,58,1,2/10/15,U
27,Ara - 6,REL 11648,60000,Negative,50,69,77,47,1,2/10/15,U