Generation,Red.Pop,White.Pop,Population,Rep,Red.0,White.0,D.0,Red.1,White.1,D.1,Fitness,Complete,Mutator.Ever
0,Ara - 1,607,Ara - 1,1,171,135,2000,124,149,200000,0.910699904,Yes,Yes
500,Ara - 1,607,Ara - 1,1,129,149,2000,116,85,200000,1.11253385,Yes,Yes
1000,Ara - 1,607,Ara - 1,1,141,135,2000,175,169,200000,0.99821983,Yes,Yes
1500,Ara - 1,607,Ara - 1,1,164,183,2000,171,87,200000,1.203381179,Yes,Yes
2000,Ara - 1,607,Ara - 1,1,98,162,2000,190,105,200000,1.262659378,Yes,Yes
2500,Ara - 1,607,Ara - 1,1,130,179,2000,154,60,200000,1.359457018,Yes,Yes
3000,Ara - 1,607,Ara - 1,1,124,166,2000,144,84,200000,1.211697985,Yes,Yes
3500,Ara - 1,607,Ara - 1,1,92,145,2000,185,97,200000,1.261849015,Yes,Yes
4000,Ara - 1,607,Ara - 1,1,113,145,2000,159,86,200000,1.21159652,Yes,Yes
4500,Ara - 1,607,Ara - 1,1,91,152,2000,137,56,200000,1.390293936,Yes,Yes
5000,Ara - 1,607,Ara - 1,1,113,182,2000,159,70,200000,1.355383317,Yes,Yes
6000,Ara - 1,607,Ara - 1,1,106,184,2000,179,64,200000,1.445180916,Yes,Yes
7000,Ara - 1,607,Ara - 1,1,111,164,2000,158,81,200000,1.271422864,Yes,Yes
8000,Ara - 1,607,Ara - 1,1,98,150,2000,148,43,200000,1.49517616,Yes,Yes
9000,Ara - 1,607,Ara - 1,1,120,204,2000,159,70,200000,1.382129783,Yes,Yes
10000,Ara - 1,607,Ara - 1,1,115,174,2000,149,64,200000,1.349289071,Yes,Yes
11000,Ara - 1,607,Ara - 1,1,113,166,2000,142,49,200000,1.427948471,Yes,Yes
12000,Ara - 1,607,Ara - 1,1,90,159,2000,169,55,200000,1.47738471,Yes,Yes
13000,Ara - 1,607,Ara - 1,1,104,160,2000,170,55,200000,1.440798106,Yes,Yes
14000,Ara - 1,607,Ara - 1,1,90,152,2000,165,75,200000,1.336651198,Yes,Yes
15000,Ara - 1,607,Ara - 1,1,101,153,2000,185,53,200000,1.46977996,Yes,Yes
16000,Ara - 1,607,Ara - 1,1,87,156,2000,148,50,200000,1.481388763,Yes,Yes
17000,Ara - 1,607,Ara - 1,1,81,148,2000,135,69,200000,1.33157471,Yes,Yes
18000,Ara - 1,607,Ara - 1,1,101,192,2000,150,48,200000,1.553550132,Yes,Yes
19000,Ara - 1,607,Ara - 1,1,81,168,2000,146,54,200000,1.496842327,Yes,Yes
20000,Ara - 1,607,Ara - 1,1,86,149,2000,122,47,200000,1.435615946,Yes,Yes
22000,Ara - 1,607,Ara - 1,1,93,176,2000,166,47,200000,1.578332058,Yes,Yes
24000,Ara - 1,607,Ara - 1,1,110,167,2000,159,28,200000,1.764073117,Yes,Yes
26000,Ara - 1,607,Ara - 1,1,101,188,2000,148,44,200000,1.581792539,Yes,Yes
28000,Ara - 1,607,Ara - 1,1,101,220,2000,122,31,200000,1.812140099,Yes,Yes
30000,Ara - 1,607,Ara - 1,1,76,171,2000,124,56,200000,1.460282403,Yes,Yes
32000,Ara - 1,607,Ara - 1,1,46,187,2000,87,25,200000,2.021813917,Yes,Yes
34000,Ara - 1,607,Ara - 1,1,65,158,2000,114,26,200000,1.844907913,Yes,Yes
36000,Ara - 1,607,Ara - 1,1,27,148,2000,143,30,200000,2.084364992,Yes,Yes
38000,Ara - 1,607,Ara - 1,1,72,183,2000,105,26,200000,1.877496757,Yes,Yes
40000,Ara - 1,607,Ara - 1,1,57,195,2000,116,34,200000,1.859594605,Yes,Yes
42000,Ara - 1,607,Ara - 1,1,34,190,2000,49,37,200000,1.674140374,Yes,Yes
44000,Ara - 1,607,Ara - 1,1,69,170,2000,85,34,200000,1.606857522,Yes,Yes
46000,Ara - 1,607,Ara - 1,1,68,157,2000,103,38,200000,1.575513844,Yes,Yes
48000,Ara - 1,607,Ara - 1,1,38,192,2000,72,31,200000,1.885293796,Yes,Yes
50000,Ara - 1,607,Ara - 1,1,49,185,2000,23,28,200000,1.416568779,Yes,Yes
0,Ara - 1,607,Ara - 1,1,197,189,2000,151,152,200000,0.989046257,Yes,Yes
0,Ara - 1,607,Ara - 1,2,122,147,2000,165,132,200000,1.091062033,Yes,Yes
500,Ara - 1,607,Ara - 1,2,118,101,2000,143,117,200000,1.00949168,Yes,Yes
1000,Ara - 1,607,Ara - 1,2,115,134,2000,142,80,200000,1.177707178,Yes,Yes
1500,Ara - 1,607,Ara - 1,2,88,113,2000,112,110,200000,1.058552671,Yes,Yes
2000,Ara - 1,607,Ara - 1,2,73,122,2000,,,200000,,Yes,Yes
2500,Ara - 1,607,Ara - 1,2,77,127,2000,,,200000,,Yes,Yes
3000,Ara - 1,607,Ara - 1,2,91,146,2000,,,200000,,Yes,Yes
3500,Ara - 1,607,Ara - 1,2,65,128,2000,,,200000,,Yes,Yes
4000,Ara - 1,607,Ara - 1,2,91,165,2000,157,54,200000,1.476561995,Yes,Yes
4500,Ara - 1,607,Ara - 1,2,51,98,2000,146,94,200000,1.239608697,Yes,Yes
5000,Ara - 1,607,Ara - 1,2,71,138,2000,167,95,200000,1.290347523,Yes,Yes
6000,Ara - 1,607,Ara - 1,2,86,119,2000,185,80,200000,1.276398555,Yes,Yes
7000,Ara - 1,607,Ara - 1,2,69,137,2000,157,84,200000,1.31858637,Yes,Yes
8000,Ara - 1,607,Ara - 1,2,66,119,2000,161,50,200000,1.470523627,Yes,Yes
9000,Ara - 1,607,Ara - 1,2,84,162,2000,101,32,200000,1.605422936,Yes,Yes
10000,Ara - 1,607,Ara - 1,2,78,105,2000,167,61,200000,1.32110896,Yes,Yes
11000,Ara - 1,607,Ara - 1,2,90,160,2000,144,76,200000,1.314563359,Yes,Yes
12000,Ara - 1,607,Ara - 1,2,94,165,2000,148,68,200000,1.360433371,Yes,Yes
13000,Ara - 1,607,Ara - 1,2,79,135,2000,146,57,200000,1.394443845,Yes,Yes
14000,Ara - 1,607,Ara - 1,2,84,138,2000,139,68,200000,1.310821468,Yes,Yes
15000,Ara - 1,607,Ara - 1,2,65,138,2000,134,58,200000,1.425390656,Yes,Yes
16000,Ara - 1,607,Ara - 1,2,77,115,2000,139,71,200000,1.260233354,Yes,Yes
17000,Ara - 1,607,Ara - 1,2,51,143,2000,133,54,200000,1.532145229,Yes,Yes
18000,Ara - 1,607,Ara - 1,2,91,150,2000,167,42,200000,1.564221066,Yes,Yes
19000,Ara - 1,607,Ara - 1,2,83,124,2000,134,47,200000,1.398657143,Yes,Yes
20000,Ara - 1,607,Ara - 1,2,85,132,2000,176,55,200000,1.429873945,Yes,Yes
22000,Ara - 1,607,Ara - 1,2,70,140,2000,212,69,200000,1.465827942,Yes,Yes
24000,Ara - 1,607,Ara - 1,2,83,130,2000,155,54,200000,1.403350758,Yes,Yes
26000,Ara - 1,607,Ara - 1,2,67,131,2000,175,69,200000,1.403923339,Yes,Yes
28000,Ara - 1,607,Ara - 1,2,76,132,2000,157,49,200000,1.47493208,Yes,Yes
30000,Ara - 1,607,Ara - 1,2,91,158,2000,113,49,200000,1.403943887,Yes,Yes
32000,Ara - 1,607,Ara - 1,2,48,153,2000,83,44,200000,1.534066566,Yes,Yes
34000,Ara - 1,607,Ara - 1,2,57,158,2000,127,51,200000,1.556039829,Yes,Yes
36000,Ara - 1,607,Ara - 1,2,70,142,2000,124,36,200000,1.601353971,Yes,Yes
38000,Ara - 1,607,Ara - 1,2,50,163,2000,124,43,200000,1.684713953,Yes,Yes
40000,Ara - 1,607,Ara - 1,2,58,131,2000,132,40,200000,1.587529555,Yes,Yes
42000,Ara - 1,607,Ara - 1,2,34,131,2000,116,45,200000,1.649138028,Yes,Yes
44000,Ara - 1,607,Ara - 1,2,39,146,2000,108,62,200000,1.500184822,Yes,Yes
46000,Ara - 1,607,Ara - 1,2,31,138,2000,95,34,200000,1.786693169,Yes,Yes
48000,Ara - 1,607,Ara - 1,2,16,76,2000,104,39,200000,1.644737136,Yes,Yes
50000,Ara - 1,607,Ara - 1,2,34,144,2000,97,35,200000,1.771871963,Yes,Yes
0,Ara - 1,607,Ara - 1,2,149,140,2000,176,161,200000,1.00564302,Yes,Yes
0,Ara - 2,607,Ara - 2,1,106,136,2000,122,134,200000,1.033852944,No,Yes
500,Ara - 2,607,Ara - 2,1,92,133,2000,93,63,200000,1.196483672,No,Yes
1000,Ara - 2,607,Ara - 2,1,78,111,2000,125,68,200000,1.233679926,No,Yes
1500,Ara - 2,607,Ara - 2,1,64,116,2000,154,93,200000,1.250687779,No,Yes
2000,Ara - 2,607,Ara - 2,1,89,102,2000,122,54,200000,1.239690088,No,Yes
2500,Ara - 2,607,Ara - 2,1,91,95,2000,81,49,200000,1.138379539,No,Yes
3000,Ara - 2,607,Ara - 2,1,98,106,2000,127,46,200000,1.290161598,No,Yes
3500,Ara - 2,607,Ara - 2,1,74,141,2000,127,54,200000,1.411450092,No,Yes
4000,Ara - 2,607,Ara - 2,1,62,138,2000,99,51,200000,1.405406664,No,Yes
4500,Ara - 2,607,Ara - 2,1,64,141,2000,98,56,200000,1.366534447,No,Yes
5000,Ara - 2,607,Ara - 2,1,66,131,2000,93,49,200000,1.366205832,No,Yes
6000,Ara - 2,607,Ara - 2,1,80,117,2000,84,45,200000,1.275176854,No,Yes
7000,Ara - 2,607,Ara - 2,1,74,90,2000,110,29,200000,1.440276538,No,Yes
8000,Ara - 2,607,Ara - 2,1,65,131,2000,95,75,200000,1.231552283,No,Yes
9000,Ara - 2,607,Ara - 2,1,53,134,2000,87,31,200000,1.623772906,No,Yes
10000,Ara - 2,607,Ara - 2,1,60,115,2000,69,32,200000,1.426629368,No,Yes
11000,Ara - 2,607,Ara - 2,1,61,127,2000,89,40,200000,1.44438586,No,Yes
12000,Ara - 2,607,Ara - 2,1,81,148,2000,130,37,200000,1.577648769,No,Yes
13000,Ara - 2,607,Ara - 2,1,69,114,2000,126,43,200000,1.434462554,No,Yes
14000,Ara - 2,607,Ara - 2,1,62,119,2000,133,26,200000,1.740640602,No,Yes
15000,Ara - 2,607,Ara - 2,1,56,127,2000,112,36,200000,1.584187214,No,Yes
16000,Ara - 2,607,Ara - 2,1,46,108,2000,89,30,200000,1.58387209,No,Yes
17000,Ara - 2,607,Ara - 2,1,58,130,2000,110,46,200000,1.470779568,No,Yes
18000,Ara - 2,607,Ara - 2,1,65,141,2000,119,37,200000,1.594546393,No,Yes
19000,Ara - 2,607,Ara - 2,1,56,142,2000,131,37,200000,1.673183757,No,Yes
20000,Ara - 2,607,Ara - 2,1,61,136,2000,110,32,200000,1.644826948,No,Yes
22000,Ara - 2,607,Ara - 2,1,61,132,2000,134,34,200000,1.659768012,No,Yes
24000,Ara - 2,607,Ara - 2,1,68,117,2000,109,34,200000,1.506818868,No,Yes
26000,Ara - 2,607,Ara - 2,1,31,137,2000,75,32,200000,1.741923661,No,Yes
28000,Ara - 2,607,Ara - 2,1,39,119,2000,59,26,200000,1.627403661,No,Yes
30000,Ara - 2,607,Ara - 2,1,5,156,2000,22,42,200000,1.848407129,No,Yes
0,Ara - 2,607,Ara - 2,1,140,115,2000,114,143,200000,0.912222845,No,Yes
0,Ara - 2,607,Ara - 2,2,187,172,2000,187,197,200000,0.971374667,No,Yes
500,Ara - 2,607,Ara - 2,2,125,150,2000,124,129,200000,1.032056485,No,Yes
1000,Ara - 2,607,Ara - 2,2,151,182,2000,153,99,200000,1.15565586,No,Yes
1500,Ara - 2,607,Ara - 2,2,113,168,2000,138,73,200000,1.273982506,No,Yes
2000,Ara - 2,607,Ara - 2,2,114,152,2000,161,89,200000,1.216330729,No,Yes
2500,Ara - 2,607,Ara - 2,2,99,171,2000,116,56,200000,1.365386636,No,Yes
3000,Ara - 2,607,Ara - 2,2,78,120,2000,144,62,200000,1.322819329,No,Yes
3500,Ara - 2,607,Ara - 2,2,89,183,2000,127,58,200000,1.435341016,No,Yes
4000,Ara - 2,607,Ara - 2,2,92,146,2000,141,60,200000,1.354215801,No,Yes
4500,Ara - 2,607,Ara - 2,2,83,137,2000,132,69,200000,1.293378149,No,Yes
5000,Ara - 2,607,Ara - 2,2,89,171,2000,148,70,200000,1.377624868,No,Yes
6000,Ara - 2,607,Ara - 2,2,85,170,2000,131,68,200000,1.365649465,No,Yes
7000,Ara - 2,607,Ara - 2,2,78,136,2000,140,67,200000,1.331749265,No,Yes
8000,Ara - 2,607,Ara - 2,2,89,159,2000,113,42,200000,1.479540902,No,Yes
9000,Ara - 2,607,Ara - 2,2,82,172,2000,100,51,200000,1.417205848,No,Yes
10000,Ara - 2,607,Ara - 2,2,66,198,2000,114,53,200000,1.567206626,No,Yes
11000,Ara - 2,607,Ara - 2,2,74,141,2000,111,40,200000,1.497818027,No,Yes
12000,Ara - 2,607,Ara - 2,2,115,206,2000,116,55,200000,1.404673336,No,Yes
13000,Ara - 2,607,Ara - 2,2,70,148,2000,118,41,200000,1.54367403,No,Yes
14000,Ara - 2,607,Ara - 2,2,116,178,2000,98,53,200000,1.307297497,No,Yes
15000,Ara - 2,607,Ara - 2,2,60,163,2000,102,48,200000,1.518289647,No,Yes
16000,Ara - 2,607,Ara - 2,2,73,159,2000,109,48,200000,1.469143688,No,Yes
17000,Ara - 2,607,Ara - 2,2,91,177,2000,111,35,200000,1.609667458,No,Yes
18000,Ara - 2,607,Ara - 2,2,95,202,2000,134,28,200000,1.882438827,No,Yes
19000,Ara - 2,607,Ara - 2,2,67,141,2000,120,32,200000,1.661667641,No,Yes
20000,Ara - 2,607,Ara - 2,2,103,168,2000,170,33,200000,1.714818828,No,Yes
22000,Ara - 2,607,Ara - 2,2,75,117,2000,128,34,200000,1.525428347,No,Yes
24000,Ara - 2,607,Ara - 2,2,40,186,2000,76,38,200000,1.739147249,No,Yes
26000,Ara - 2,607,Ara - 2,2,99,159,2000,124,32,200000,1.609036931,No,Yes
28000,Ara - 2,607,Ara - 2,2,38,132,2000,72,44,200000,1.495554985,No,Yes
30000,Ara - 2,607,Ara - 2,2,5,150,2000,35,48,200000,1.890242222,No,Yes
0,Ara - 2,607,Ara - 2,2,158,149,2000,135,128,200000,0.998786458,No,Yes
0,Ara - 3,607,Ara - 3,1,118,120,2000,147,158,200000,0.988657331,No,Yes
500,Ara - 3,607,Ara - 3,1,87,157,2000,119,101,200000,1.181155747,No,Yes
1000,Ara - 3,607,Ara - 3,1,99,138,2000,105,86,200000,1.128681738,No,Yes
1500,Ara - 3,607,Ara - 3,1,111,177,2000,100,70,200000,1.223872457,No,Yes
2000,Ara - 3,607,Ara - 3,1,83,155,2000,108,62,200000,1.319766847,No,Yes
2500,Ara - 3,607,Ara - 3,1,95,138,2000,131,63,200000,1.289302426,No,Yes
3000,Ara - 3,607,Ara - 3,1,74,126,2000,98,70,200000,1.216232542,No,Yes
3500,Ara - 3,607,Ara - 3,1,54,127,2000,111,70,200000,1.328281608,No,Yes
4000,Ara - 3,607,Ara - 3,1,80,164,2000,98,75,200000,1.257748575,No,Yes
4500,Ara - 3,607,Ara - 3,1,86,156,2000,114,39,200000,1.518238542,No,Yes
5000,Ara - 3,607,Ara - 3,1,88,151,2000,111,56,200000,1.338787582,No,Yes
6000,Ara - 3,607,Ara - 3,1,85,142,2000,126,61,200000,1.329391587,No,Yes
7000,Ara - 3,607,Ara - 3,1,91,129,2000,113,43,200000,1.375051729,No,Yes
8000,Ara - 3,607,Ara - 3,1,61,133,2000,105,43,200000,1.481077478,No,Yes
9000,Ara - 3,607,Ara - 3,1,85,136,2000,148,40,200000,1.525918024,No,Yes
10000,Ara - 3,607,Ara - 3,1,74,145,2000,111,36,200000,1.559995298,No,Yes
11000,Ara - 3,607,Ara - 3,1,87,162,2000,135,54,200000,1.438600757,No,Yes
12000,Ara - 3,607,Ara - 3,1,78,158,2000,139,47,200000,1.52766249,No,Yes
13000,Ara - 3,607,Ara - 3,1,66,143,2000,139,56,200000,1.45868598,No,Yes
14000,Ara - 3,607,Ara - 3,1,94,119,2000,138,40,200000,1.41941221,No,Yes
15000,Ara - 3,607,Ara - 3,1,94,150,2000,170,42,200000,1.559830384,No,Yes
16000,Ara - 3,607,Ara - 3,1,93,183,2000,161,53,200000,1.531197828,No,Yes
17000,Ara - 3,607,Ara - 3,1,81,127,2000,171,52,200000,1.44182585,No,Yes
18000,Ara - 3,607,Ara - 3,1,83,130,2000,135,42,200000,1.465081148,No,Yes
19000,Ara - 3,607,Ara - 3,1,92,147,2000,145,49,200000,1.443043434,No,Yes
20000,Ara - 3,607,Ara - 3,1,69,139,2000,154,44,200000,1.565324141,No,Yes
22000,Ara - 3,607,Ara - 3,1,92,132,2000,125,41,200000,1.429505426,No,Yes
24000,Ara - 3,607,Ara - 3,1,77,116,2000,142,33,200000,1.558260271,No,Yes
26000,Ara - 3,607,Ara - 3,1,87,154,2000,123,28,200000,1.707146844,No,Yes
28000,Ara - 3,607,Ara - 3,1,86,142,2000,157,40,200000,1.559832685,No,Yes
30000,Ara - 3,607,Ara - 3,1,80,122,2000,170,41,200000,1.524713248,No,Yes
32000,Ara - 3,607,Ara - 3,1,83,155,2000,158,48,200000,1.528985451,No,Yes
0,Ara - 3,607,Ara - 3,1,142,180,2000,162,129,200000,1.108827463,No,Yes
0,Ara - 3,607,Ara - 3,2,109,103,2000,119,174,200000,0.914894045,No,Yes
500,Ara - 3,607,Ara - 3,2,49,67,2000,109,97,200000,1.086330241,No,Yes
1000,Ara - 3,607,Ara - 3,2,65,50,2000,94,50,200000,1.080107248,No,Yes
1500,Ara - 3,607,Ara - 3,2,65,89,2000,83,44,200000,1.243262586,No,Yes
2000,Ara - 3,607,Ara - 3,2,59,43,2000,109,40,200000,1.151368603,No,Yes
2500,Ara - 3,607,Ara - 3,2,74,86,2000,85,44,200000,1.205525096,No,Yes
3000,Ara - 3,607,Ara - 3,2,58,116,2000,121,78,200000,1.269047337,No,Yes
3500,Ara - 3,607,Ara - 3,2,51,111,2000,101,36,200000,1.520041248,No,Yes
4000,Ara - 3,607,Ara - 3,2,63,82,2000,132,64,200000,1.226630172,No,Yes
4500,Ara - 3,607,Ara - 3,2,65,52,2000,154,52,200000,1.187303682,No,Yes
5000,Ara - 3,607,Ara - 3,2,60,100,2000,88,59,200000,1.223327194,No,Yes
6000,Ara - 3,607,Ara - 3,2,58,69,2000,139,37,200000,1.375998602,No,Yes
7000,Ara - 3,607,Ara - 3,2,45,77,2000,109,43,200000,1.364764955,No,Yes
8000,Ara - 3,607,Ara - 3,2,47,61,2000,109,39,200000,1.309898152,No,Yes
9000,Ara - 3,607,Ara - 3,2,69,70,2000,71,36,200000,1.176019175,No,Yes
10000,Ara - 3,607,Ara - 3,2,76,125,2000,59,20,200000,1.569642931,No,Yes
11000,Ara - 3,607,Ara - 3,2,77,116,2000,124,70,200000,1.23940319,No,Yes
12000,Ara - 3,607,Ara - 3,2,58,110,2000,143,41,200000,1.522159528,No,Yes
13000,Ara - 3,607,Ara - 3,2,65,55,2000,133,35,200000,1.281217178,No,Yes
14000,Ara - 3,607,Ara - 3,2,56,167,2000,136,54,200000,1.58004025,No,Yes
15000,Ara - 3,607,Ara - 3,2,73,114,2000,177,51,200000,1.444660144,No,Yes
16000,Ara - 3,607,Ara - 3,2,46,97,2000,148,33,200000,1.63702735,No,Yes
17000,Ara - 3,607,Ara - 3,2,61,117,2000,103,41,200000,1.442127594,No,Yes
18000,Ara - 3,607,Ara - 3,2,70,64,2000,77,9,200000,1.778119764,No,Yes
19000,Ara - 3,607,Ara - 3,2,63,108,2000,122,46,200000,1.403652765,No,Yes
20000,Ara - 3,607,Ara - 3,2,34,98,2000,144,39,200000,1.641967938,No,Yes
22000,Ara - 3,607,Ara - 3,2,52,90,2000,93,34,200000,1.428117937,No,Yes
24000,Ara - 3,607,Ara - 3,2,43,101,2000,157,60,200000,1.444575509,No,Yes
26000,Ara - 3,607,Ara - 3,2,57,94,2000,136,69,200000,1.274394055,No,Yes
28000,Ara - 3,607,Ara - 3,2,49,131,2000,99,59,200000,1.394210208,No,Yes
30000,Ara - 3,607,Ara - 3,2,87,122,2000,107,40,200000,1.378811311,No,Yes
32000,Ara - 3,607,Ara - 3,2,52,148,2000,109,36,200000,1.674859195,No,Yes
0,Ara - 3,607,Ara - 3,2,122,136,2000,93,96,200000,1.018061454,No,Yes
0,Ara - 4,607,Ara - 4,1,134,125,2000,121,140,200000,0.954354564,Yes,Yes
500,Ara - 4,607,Ara - 4,1,111,123,2000,80,74,200000,1.044084318,Yes,Yes
1000,Ara - 4,607,Ara - 4,1,120,125,2000,115,91,200000,1.064112133,Yes,Yes
1500,Ara - 4,607,Ara - 4,1,103,139,2000,142,78,200000,1.223186682,Yes,Yes
2000,Ara - 4,607,Ara - 4,1,115,121,2000,143,61,200000,1.230298674,Yes,Yes
2500,Ara - 4,607,Ara - 4,1,124,145,2000,143,75,200000,1.203199195,Yes,Yes
3000,Ara - 4,607,Ara - 4,1,93,147,2000,127,62,200000,1.313983429,Yes,Yes
3500,Ara - 4,607,Ara - 4,1,91,130,2000,80,37,200000,1.336797252,Yes,Yes
4000,Ara - 4,607,Ara - 4,1,75,112,2000,104,58,200000,1.24953892,Yes,Yes
4500,Ara - 4,607,Ara - 4,1,94,98,2000,150,69,200000,1.192322994,Yes,Yes
5000,Ara - 4,607,Ara - 4,1,63,131,2000,97,48,200000,1.39864017,Yes,Yes
6000,Ara - 4,607,Ara - 4,1,97,120,2000,142,55,200000,1.303600289,Yes,Yes
7000,Ara - 4,607,Ara - 4,1,95,162,2000,84,29,200000,1.553661201,Yes,Yes
8000,Ara - 4,607,Ara - 4,1,75,139,2000,75,26,200000,1.572378285,Yes,Yes
9000,Ara - 4,607,Ara - 4,1,90,133,2000,105,31,200000,1.511467346,Yes,Yes
10000,Ara - 4,607,Ara - 4,1,101,181,2000,88,24,200000,1.728378475,Yes,Yes
11000,Ara - 4,607,Ara - 4,1,86,148,2000,87,26,200000,1.610831576,Yes,Yes
12000,Ara - 4,607,Ara - 4,1,65,125,2000,90,43,200000,1.393587835,Yes,Yes
13000,Ara - 4,607,Ara - 4,1,79,146,2000,91,37,200000,1.468401868,Yes,Yes
14000,Ara - 4,607,Ara - 4,1,88,143,2000,98,31,200000,1.531964146,Yes,Yes
15000,Ara - 4,607,Ara - 4,1,66,137,2000,84,29,200000,1.587667785,Yes,Yes
16000,Ara - 4,607,Ara - 4,1,74,122,2000,42,8,200000,2.147609657,Yes,Yes
17000,Ara - 4,607,Ara - 4,1,62,121,2000,84,32,200000,1.498833411,Yes,Yes
18000,Ara - 4,607,Ara - 4,1,79,140,2000,48,9,200000,2.207130554,Yes,Yes
19000,Ara - 4,607,Ara - 4,1,61,142,2000,161,31,200000,1.808337118,Yes,Yes
20000,Ara - 4,607,Ara - 4,1,66,158,2000,128,30,200000,1.789386118,Yes,Yes
22000,Ara - 4,607,Ara - 4,1,79,110,2000,154,41,200000,1.457239719,Yes,Yes
24000,Ara - 4,607,Ara - 4,1,64,148,2000,119,45,200000,1.530304977,Yes,Yes
26000,Ara - 4,607,Ara - 4,1,69,151,2000,91,29,200000,1.651984982,Yes,Yes
28000,Ara - 4,607,Ara - 4,1,61,157,2000,94,46,200000,1.491485714,Yes,Yes
30000,Ara - 4,607,Ara - 4,1,65,120,2000,143,36,200000,1.585802569,Yes,Yes
32000,Ara - 4,607,Ara - 4,1,77,134,2000,141,38,200000,1.557624707,Yes,Yes
34000,Ara - 4,607,Ara - 4,1,50,142,2000,122,30,200000,1.802030888,Yes,Yes
36000,Ara - 4,607,Ara - 4,1,49,139,2000,82,38,200000,1.547651771,Yes,Yes
38000,Ara - 4,607,Ara - 4,1,43,130,2000,97,30,200000,1.72633614,Yes,Yes
40000,Ara - 4,607,Ara - 4,1,55,164,2000,88,19,200000,2.071717057,Yes,Yes
42000,Ara - 4,607,Ara - 4,1,59,148,2000,81,46,200000,1.432253648,Yes,Yes
44000,Ara - 4,607,Ara - 4,1,46,94,2000,82,19,200000,1.724120427,Yes,Yes
46000,Ara - 4,607,Ara - 4,1,39,141,2000,85,33,200000,1.707706969,Yes,Yes
48000,Ara - 4,607,Ara - 4,1,29,132,2000,70,23,200000,1.919745837,Yes,Yes
50000,Ara - 4,607,Ara - 4,1,48,140,2000,80,23,200000,1.827779792,Yes,Yes
0,Ara - 4,607,Ara - 4,1,165,150,2000,110,122,200000,0.954791786,Yes,Yes
0,Ara - 4,607,Ara - 4,2,128,128,2000,98,117,200000,0.960754344,Yes,Yes
500,Ara - 4,607,Ara - 4,2,121,137,2000,80,68,200000,1.073426776,Yes,Yes
1000,Ara - 4,607,Ara - 4,2,81,101,2000,82,72,200000,1.082200106,Yes,Yes
1500,Ara - 4,607,Ara - 4,2,110,136,2000,95,61,200000,1.172261507,Yes,Yes
2000,Ara - 4,607,Ara - 4,2,88,125,2000,205,90,200000,1.274554337,Yes,Yes
2500,Ara - 4,607,Ara - 4,2,112,137,2000,166,76,200000,1.244710021,Yes,Yes
3000,Ara - 4,607,Ara - 4,2,92,119,2000,146,70,200000,1.243572483,Yes,Yes
3500,Ara - 4,607,Ara - 4,2,109,115,2000,136,56,200000,1.242147911,Yes,Yes
4000,Ara - 4,607,Ara - 4,2,104,156,2000,126,38,200000,1.502414947,Yes,Yes
4500,Ara - 4,607,Ara - 4,2,81,104,2000,141,76,200000,1.202252299,Yes,Yes
5000,Ara - 4,607,Ara - 4,2,102,137,2000,144,67,200000,1.272534958,Yes,Yes
6000,Ara - 4,607,Ara - 4,2,105,141,2000,148,58,200000,1.331347164,Yes,Yes
7000,Ara - 4,607,Ara - 4,2,82,138,2000,143,50,200000,1.437711014,Yes,Yes
8000,Ara - 4,607,Ara - 4,2,79,119,2000,133,78,200000,1.225525001,Yes,Yes
9000,Ara - 4,607,Ara - 4,2,59,120,2000,124,39,200000,1.536209561,Yes,Yes
10000,Ara - 4,607,Ara - 4,2,88,136,2000,85,25,200000,1.569862802,Yes,Yes
11000,Ara - 4,607,Ara - 4,2,87,130,2000,171,45,200000,1.489977786,Yes,Yes
12000,Ara - 4,607,Ara - 4,2,100,138,2000,122,40,200000,1.426882148,Yes,Yes
13000,Ara - 4,607,Ara - 4,2,83,131,2000,121,33,200000,1.54413462,Yes,Yes
14000,Ara - 4,607,Ara - 4,2,76,143,2000,170,59,200000,1.454417887,Yes,Yes
15000,Ara - 4,607,Ara - 4,2,53,115,2000,118,34,200000,1.596162865,Yes,Yes
16000,Ara - 4,607,Ara - 4,2,66,126,2000,136,38,200000,1.56413043,Yes,Yes
17000,Ara - 4,607,Ara - 4,2,64,128,2000,90,26,200000,1.642546787,Yes,Yes
18000,Ara - 4,607,Ara - 4,2,89,168,2000,171,57,200000,1.492001481,Yes,Yes
19000,Ara - 4,607,Ara - 4,2,80,173,2000,108,60,200000,1.383239172,Yes,Yes
20000,Ara - 4,607,Ara - 4,2,35,120,2000,154,46,200000,1.6692926,Yes,Yes
22000,Ara - 4,607,Ara - 4,2,62,117,2000,85,33,200000,1.473478497,Yes,Yes
24000,Ara - 4,607,Ara - 4,2,68,109,2000,119,35,200000,1.48876689,Yes,Yes
26000,Ara - 4,607,Ara - 4,2,31,147,2000,161,35,200000,1.972371732,Yes,Yes
28000,Ara - 4,607,Ara - 4,2,52,119,2000,148,49,200000,1.519994867,Yes,Yes
30000,Ara - 4,607,Ara - 4,2,50,150,2000,105,61,200000,1.443054703,Yes,Yes
32000,Ara - 4,607,Ara - 4,2,63,151,2000,76,19,200000,1.892632505,Yes,Yes
34000,Ara - 4,607,Ara - 4,2,49,160,2000,99,38,200000,1.675874168,Yes,Yes
36000,Ara - 4,607,Ara - 4,2,60,122,2000,64,24,200000,1.56743557,Yes,Yes
38000,Ara - 4,607,Ara - 4,2,38,141,2000,102,34,200000,1.757134634,Yes,Yes
40000,Ara - 4,607,Ara - 4,2,38,123,2000,102,21,200000,1.970939398,Yes,Yes
42000,Ara - 4,607,Ara - 4,2,36,101,2000,94,33,200000,1.596114924,Yes,Yes
44000,Ara - 4,607,Ara - 4,2,28,104,2000,76,30,200000,1.666787003,Yes,Yes
46000,Ara - 4,607,Ara - 4,2,23,142,2000,61,42,200000,1.647631778,Yes,Yes
48000,Ara - 4,607,Ara - 4,2,16,161,2000,64,35,200000,1.945840516,Yes,Yes
50000,Ara - 4,607,Ara - 4,2,37,150,2000,109,36,200000,1.789019463,Yes,Yes
0,Ara - 4,607,Ara - 4,2,159,166,2000,104,155,200000,0.921538147,Yes,Yes
0,Ara - 5,607,Ara - 5,1,159,145,2000,111,117,200000,0.967017298,Yes,No
500,Ara - 5,607,Ara - 5,1,121,134,2000,123,110,200000,1.048494197,Yes,No
1000,Ara - 5,607,Ara - 5,1,117,140,2000,146,104,200000,1.120402508,Yes,No
1500,Ara - 5,607,Ara - 5,1,99,144,2000,145,85,200000,1.222847994,Yes,No
2000,Ara - 5,607,Ara - 5,1,96,145,2000,137,70,200000,1.279569341,Yes,No
2500,Ara - 5,607,Ara - 5,1,97,149,2000,122,66,200000,1.275292811,Yes,No
3000,Ara - 5,607,Ara - 5,1,115,165,2000,132,72,200000,1.256138006,Yes,No
3500,Ara - 5,607,Ara - 5,1,92,114,2000,124,60,200000,1.237262637,Yes,No
4000,Ara - 5,607,Ara - 5,1,107,146,2000,176,67,200000,1.333634002,Yes,No
4500,Ara - 5,607,Ara - 5,1,102,161,2000,151,58,200000,1.394304139,Yes,No
5000,Ara - 5,607,Ara - 5,1,97,147,2000,127,62,200000,1.302729306,Yes,No
6000,Ara - 5,607,Ara - 5,1,88,124,2000,113,68,200000,1.212472691,Yes,No
7000,Ara - 5,607,Ara - 5,1,106,152,2000,121,63,200000,1.272014448,Yes,No
8000,Ara - 5,607,Ara - 5,1,95,141,2000,142,52,200000,1.387915896,Yes,No
9000,Ara - 5,607,Ara - 5,1,88,186,2000,163,55,200000,1.541765187,Yes,No
10000,Ara - 5,607,Ara - 5,1,110,149,2000,119,42,200000,1.402804047,Yes,No
11000,Ara - 5,607,Ara - 5,1,83,149,2000,176,63,200000,1.430635827,Yes,No
12000,Ara - 5,607,Ara - 5,1,100,159,2000,158,52,200000,1.451636114,Yes,No
13000,Ara - 5,607,Ara - 5,1,103,174,2000,138,59,200000,1.38994839,Yes,No
14000,Ara - 5,607,Ara - 5,1,107,173,2000,150,57,200000,1.414327853,Yes,No
15000,Ara - 5,607,Ara - 5,1,109,169,2000,146,39,200000,1.560270566,Yes,No
16000,Ara - 5,607,Ara - 5,1,101,167,2000,148,62,200000,1.379865284,Yes,No
17000,Ara - 5,607,Ara - 5,1,103,160,2000,167,58,200000,1.417217914,Yes,No
18000,Ara - 5,607,Ara - 5,1,102,146,2000,158,51,200000,1.419150036,Yes,No
19000,Ara - 5,607,Ara - 5,1,91,172,2000,147,59,200000,1.438313065,Yes,No
20000,Ara - 5,607,Ara - 5,1,91,152,2000,161,45,200000,1.527682449,Yes,No
22000,Ara - 5,607,Ara - 5,1,106,158,2000,166,57,200000,1.409438209,Yes,No
24000,Ara - 5,607,Ara - 5,1,105,162,2000,170,51,200000,1.474751851,Yes,No
26000,Ara - 5,607,Ara - 5,1,97,161,2000,139,38,200000,1.570509444,Yes,No
28000,Ara - 5,607,Ara - 5,1,77,172,2000,145,50,200000,1.554470874,Yes,No
30000,Ara - 5,607,Ara - 5,1,93,160,2000,166,48,200000,1.524333315,Yes,No
32000,Ara - 5,607,Ara - 5,1,100,151,2000,136,42,200000,1.477241407,Yes,No
34000,Ara - 5,607,Ara - 5,1,90,163,2000,131,33,200000,1.655810441,Yes,No
36000,Ara - 5,607,Ara - 5,1,74,160,2000,157,36,200000,1.720675945,Yes,No
38000,Ara - 5,607,Ara - 5,1,87,148,2000,118,48,200000,1.411245304,Yes,No
40000,Ara - 5,607,Ara - 5,1,81,160,2000,110,24,200000,1.813556261,Yes,No
42000,Ara - 5,607,Ara - 5,1,94,165,2000,136,31,200000,1.695932797,Yes,No
44000,Ara - 5,607,Ara - 5,1,94,155,2000,146,56,200000,1.406564239,Yes,No
46000,Ara - 5,607,Ara - 5,1,72,143,2000,123,40,200000,1.54319185,Yes,No
48000,Ara - 5,607,Ara - 5,1,88,174,2000,103,24,200000,1.814884206,Yes,No
50000,Ara - 5,607,Ara - 5,1,68,127,2000,95,28,200000,1.596909078,Yes,No
0,Ara - 5,607,Ara - 5,1,175,173,2000,123,124,200000,0.995414126,Yes,No
0,Ara - 5,607,Ara - 5,1,164,164,2000,129,132,200000,0.994760947,Yes,No
0,Ara - 5,607,Ara - 5,1,177,143,2000,132,139,200000,0.942104278,Yes,No
0,Ara - 5,607,Ara - 5,1,146,185,2000,141,128,200000,1.078709242,Yes,No
0,Ara - 5,607,Ara - 5,2,160,163,2000,171,162,200000,1.015795466,Yes,No
500,Ara - 5,607,Ara - 5,2,129,149,2000,143,105,200000,1.106462648,Yes,No
1000,Ara - 5,607,Ara - 5,2,119,140,2000,183,117,200000,1.137793098,Yes,No
1500,Ara - 5,607,Ara - 5,2,107,172,2000,184,100,200000,1.266914188,Yes,No
2000,Ara - 5,607,Ara - 5,2,104,132,2000,161,98,200000,1.170603815,Yes,No
2500,Ara - 5,607,Ara - 5,2,98,170,2000,189,80,200000,1.366243945,Yes,No
3000,Ara - 5,607,Ara - 5,2,109,185,2000,183,103,200000,1.274599628,Yes,No
3500,Ara - 5,607,Ara - 5,2,113,167,2000,167,78,200000,1.299668413,Yes,No
4000,Ara - 5,607,Ara - 5,2,105,165,2000,175,66,200000,1.386869881,Yes,No
4500,Ara - 5,607,Ara - 5,2,112,168,2000,191,81,200000,1.325955036,Yes,No
5000,Ara - 5,607,Ara - 5,2,93,137,2000,146,62,200000,1.326271793,Yes,No
6000,Ara - 5,607,Ara - 5,2,105,170,2000,156,77,200000,1.311522025,Yes,No
7000,Ara - 5,607,Ara - 5,2,109,171,2000,159,50,200000,1.476131761,Yes,No
8000,Ara - 5,607,Ara - 5,2,83,134,2000,187,75,200000,1.346008074,Yes,No
9000,Ara - 5,607,Ara - 5,2,93,150,2000,170,60,200000,1.411910905,Yes,No
10000,Ara - 5,607,Ara - 5,2,125,143,2000,153,74,200000,1.218149646,Yes,No
11000,Ara - 5,607,Ara - 5,2,97,171,2000,161,62,200000,1.423663227,Yes,No
12000,Ara - 5,607,Ara - 5,2,107,156,2000,176,64,200000,1.373870311,Yes,No
13000,Ara - 5,607,Ara - 5,2,102,172,2000,200,55,200000,1.523376967,Yes,No
14000,Ara - 5,607,Ara - 5,2,110,176,2000,155,54,200000,1.445266218,Yes,No
15000,Ara - 5,607,Ara - 5,2,135,156,2000,204,51,200000,1.439006083,Yes,No
16000,Ara - 5,607,Ara - 5,2,103,166,2000,172,72,200000,1.357597169,Yes,No
17000,Ara - 5,607,Ara - 5,2,108,149,2000,177,51,200000,1.443282545,Yes,No
18000,Ara - 5,607,Ara - 5,2,102,173,2000,182,40,200000,1.650621915,Yes,No
19000,Ara - 5,607,Ara - 5,2,117,158,2000,168,45,200000,1.483012184,Yes,No
20000,Ara - 5,607,Ara - 5,2,104,186,2000,163,56,200000,1.484541324,Yes,No
22000,Ara - 5,607,Ara - 5,2,131,181,2000,194,56,200000,1.456233928,Yes,No
24000,Ara - 5,607,Ara - 5,2,133,157,2000,196,51,200000,1.43444249,Yes,No
26000,Ara - 5,607,Ara - 5,2,121,139,2000,183,53,200000,1.378435074,Yes,No
28000,Ara - 5,607,Ara - 5,2,133,181,2000,173,40,200000,1.57261506,Yes,No
30000,Ara - 5,607,Ara - 5,2,116,171,2000,183,49,200000,1.508367517,Yes,No
32000,Ara - 5,607,Ara - 5,2,92,179,2000,186,50,200000,1.594425043,Yes,No
34000,Ara - 5,607,Ara - 5,2,101,157,2000,186,37,200000,1.650650842,Yes,No
36000,Ara - 5,607,Ara - 5,2,85,154,2000,120,37,200000,1.557030419,Yes,No
38000,Ara - 5,607,Ara - 5,2,86,153,2000,219,48,200000,1.607661605,Yes,No
40000,Ara - 5,607,Ara - 5,2,82,162,2000,173,41,200000,1.656298623,Yes,No
42000,Ara - 5,607,Ara - 5,2,108,160,2000,162,33,200000,1.655585258,Yes,No
44000,Ara - 5,607,Ara - 5,2,94,150,2000,162,36,200000,1.620322378,Yes,No
46000,Ara - 5,607,Ara - 5,2,78,165,2000,142,32,200000,1.755263929,Yes,No
48000,Ara - 5,607,Ara - 5,2,82,175,2000,125,55,200000,1.457997886,Yes,No
50000,Ara - 5,607,Ara - 5,2,67,179,2000,150,42,200000,1.714844477,Yes,No
0,Ara - 5,607,Ara - 5,2,,,2000,157,162,200000,,Yes,No
0,Ara - 5,607,Ara - 5,2,196,165,2000,158,139,200000,0.99006516,Yes,No
0,Ara - 5,607,Ara - 5,2,150,161,2000,170,180,200000,1.002885617,Yes,No
0,Ara - 5,607,Ara - 5,2,170,132,2000,149,163,200000,0.928822264,Yes,No
0,Ara - 6,607,Ara - 6,1,94,138,2000,109,149,200000,1.015241899,Yes,No
500,Ara - 6,607,Ara - 6,1,73,59,2000,138,111,200000,1.000916811,Yes,No
1000,Ara - 6,607,Ara - 6,1,98,151,2000,168,114,200000,1.189653341,Yes,No
1500,Ara - 6,607,Ara - 6,1,140,220,2000,144,63,200000,1.381158471,Yes,No
2000,Ara - 6,607,Ara - 6,1,106,103,2000,118,51,200000,1.207609813,Yes,No
2500,Ara - 6,607,Ara - 6,1,45,60,2000,124,67,200000,1.191552863,Yes,No
3000,Ara - 6,607,Ara - 6,1,46,60,2000,120,84,200000,1.125945598,Yes,No
3500,Ara - 6,607,Ara - 6,1,50,121,2000,123,74,200000,1.338374986,Yes,No
4000,Ara - 6,607,Ara - 6,1,41,71,2000,149,76,200000,1.261558373,Yes,No
4500,Ara - 6,607,Ara - 6,1,64,69,2000,107,64,200000,1.130060948,Yes,No
5000,Ara - 6,607,Ara - 6,1,37,47,2000,178,92,200000,1.17041062,Yes,No
6000,Ara - 6,607,Ara - 6,1,48,60,2000,127,50,200000,1.261213469,Yes,No
7000,Ara - 6,607,Ara - 6,1,62,92,2000,121,60,200000,1.262367645,Yes,No
8000,Ara - 6,607,Ara - 6,1,58,72,2000,85,49,200000,1.181752396,Yes,No
9000,Ara - 6,607,Ara - 6,1,44,72,2000,162,99,200000,1.200046345,Yes,No
10000,Ara - 6,607,Ara - 6,1,73,165,2000,121,65,200000,1.391138018,Yes,No
11000,Ara - 6,607,Ara - 6,1,48,71,2000,116,61,200000,1.232227851,Yes,No
12000,Ara - 6,607,Ara - 6,1,37,44,2000,164,61,200000,1.23566476,Yes,No
13000,Ara - 6,607,Ara - 6,1,29,52,2000,125,58,200000,1.286744308,Yes,No
14000,Ara - 6,607,Ara - 6,1,56,90,2000,151,59,200000,1.338091052,Yes,No
15000,Ara - 6,607,Ara - 6,1,94,82,2000,114,42,200000,1.218985492,Yes,No
16000,Ara - 6,607,Ara - 6,1,54,72,2000,172,55,200000,1.329312029,Yes,No
17000,Ara - 6,607,Ara - 6,1,56,99,2000,164,56,200000,1.407464457,Yes,No
18000,Ara - 6,607,Ara - 6,1,63,65,2000,121,41,200000,1.26867173,Yes,No
19000,Ara - 6,607,Ara - 6,1,56,66,2000,134,46,200000,1.290635219,Yes,No
20000,Ara - 6,607,Ara - 6,1,73,50,2000,146,63,200000,1.095535262,Yes,No
22000,Ara - 6,607,Ara - 6,1,29,34,2000,117,49,200000,1.207100174,Yes,No
24000,Ara - 6,607,Ara - 6,1,62,70,2000,145,35,200000,1.394360293,Yes,No
26000,Ara - 6,607,Ara - 6,1,45,53,2000,183,48,200000,1.333308509,Yes,No
28000,Ara - 6,607,Ara - 6,1,46,55,2000,111,49,200000,1.221932683,Yes,No
30000,Ara - 6,607,Ara - 6,1,65,100,2000,186,62,200000,1.370570731,Yes,No
32000,Ara - 6,607,Ara - 6,1,69,97,2000,112,37,200000,1.397702678,Yes,No
34000,Ara - 6,607,Ara - 6,1,32,53,2000,121,39,200000,1.380785806,Yes,No
36000,Ara - 6,607,Ara - 6,1,49,69,2000,152,37,200000,1.440797822,Yes,No
38000,Ara - 6,607,Ara - 6,1,58,154,2000,123,47,200000,1.567097498,Yes,No
40000,Ara - 6,607,Ara - 6,1,52,61,2000,123,25,200000,1.472086563,Yes,No
42000,Ara - 6,607,Ara - 6,1,65,97,2000,118,39,200000,1.408077471,Yes,No
44000,Ara - 6,607,Ara - 6,1,40,95,2000,115,37,200000,1.54584827,Yes,No
46000,Ara - 6,607,Ara - 6,1,60,119,2000,102,41,200000,1.450946779,Yes,No
48000,Ara - 6,607,Ara - 6,1,69,101,2000,131,51,200000,1.337691946,Yes,No
50000,Ara - 6,607,Ara - 6,1,59,69,2000,132,35,200000,1.377959068,Yes,No
0,Ara - 6,607,Ara - 6,1,84,95,2000,106,137,200000,0.973149391,Yes,No
0,Ara - 6,607,Ara - 6,2,124,103,2000,157,110,200000,1.036440959,Yes,No
500,Ara - 6,607,Ara - 6,2,97,133,2000,119,81,200000,1.170422594,Yes,No
1000,Ara - 6,607,Ara - 6,2,111,113,2000,141,75,200000,1.154728854,Yes,No
1500,Ara - 6,607,Ara - 6,2,106,130,2000,121,58,200000,1.24734687,Yes,No
2000,Ara - 6,607,Ara - 6,2,82,112,2000,106,52,200000,1.266805021,Yes,No
2500,Ara - 6,607,Ara - 6,2,113,111,2000,119,55,200000,1.193168812,Yes,No
3000,Ara - 6,607,Ara - 6,2,98,125,2000,96,41,200000,1.313463627,Yes,No
3500,Ara - 6,607,Ara - 6,2,58,117,2000,120,48,200000,1.435631589,Yes,No
4000,Ara - 6,607,Ara - 6,2,78,119,2000,138,46,200000,1.416185162,Yes,No
4500,Ara - 6,607,Ara - 6,2,85,114,2000,101,58,200000,1.215865403,Yes,No
5000,Ara - 6,607,Ara - 6,2,73,95,2000,81,42,200000,1.242862495,Yes,No
6000,Ara - 6,607,Ara - 6,2,68,121,2000,94,39,200000,1.419245779,Yes,No
7000,Ara - 6,607,Ara - 6,2,71,108,2000,87,59,200000,1.201926408,Yes,No
8000,Ara - 6,607,Ara - 6,2,68,111,2000,84,30,200000,1.460939302,Yes,No
9000,Ara - 6,607,Ara - 6,2,70,113,2000,72,20,200000,1.612429948,Yes,No
10000,Ara - 6,607,Ara - 6,2,81,124,2000,79,30,200000,1.437553437,Yes,No
11000,Ara - 6,607,Ara - 6,2,84,109,2000,175,57,200000,1.349332817,Yes,No
12000,Ara - 6,607,Ara - 6,2,87,116,2000,157,53,200000,1.359414443,Yes,No
13000,Ara - 6,607,Ara - 6,2,72,160,2000,178,43,200000,1.674250577,Yes,No
14000,Ara - 6,607,Ara - 6,2,73,109,2000,122,27,200000,1.594789826,Yes,No
15000,Ara - 6,607,Ara - 6,2,76,114,2000,166,42,200000,1.493473873,Yes,No
16000,Ara - 6,607,Ara - 6,2,84,125,2000,119,34,200000,1.499591737,Yes,No
17000,Ara - 6,607,Ara - 6,2,82,112,2000,139,42,200000,1.416236763,Yes,No
18000,Ara - 6,607,Ara - 6,2,78,139,2000,135,30,200000,1.677706572,Yes,No
19000,Ara - 6,607,Ara - 6,2,82,125,2000,123,39,200000,1.456403017,Yes,No
20000,Ara - 6,607,Ara - 6,2,81,118,2000,122,45,200000,1.377242014,Yes,No
22000,Ara - 6,607,Ara - 6,2,83,119,2000,114,25,200000,1.616634905,Yes,No
24000,Ara - 6,607,Ara - 6,2,78,103,2000,135,29,200000,1.544080943,Yes,No
26000,Ara - 6,607,Ara - 6,2,70,153,2000,102,38,200000,1.550795127,Yes,No
28000,Ara - 6,607,Ara - 6,2,88,149,2000,145,28,200000,1.740136944,Yes,No
30000,Ara - 6,607,Ara - 6,2,58,131,2000,114,45,200000,1.49320614,Yes,No
32000,Ara - 6,607,Ara - 6,2,60,115,2000,151,19,200000,1.971031027,Yes,No
34000,Ara - 6,607,Ara - 6,2,64,114,2000,125,37,200000,1.51573796,Yes,No
36000,Ara - 6,607,Ara - 6,2,56,128,2000,109,25,200000,1.773599747,Yes,No
38000,Ara - 6,607,Ara - 6,2,62,106,2000,133,27,200000,1.658153589,Yes,No
40000,Ara - 6,607,Ara - 6,2,59,138,2000,153,23,200000,1.975563195,Yes,No
42000,Ara - 6,607,Ara - 6,2,62,125,2000,131,27,200000,1.742195714,Yes,No
44000,Ara - 6,607,Ara - 6,2,54,136,2000,110,28,200000,1.757738514,Yes,No
46000,Ara - 6,607,Ara - 6,2,44,108,2000,98,23,200000,1.767496941,Yes,No
48000,Ara - 6,607,Ara - 6,2,55,129,2000,110,23,200000,1.83914945,Yes,No
50000,Ara - 6,607,Ara - 6,2,71,112,2000,150,34,200000,1.568437054,Yes,No
0,Ara - 6,607,Ara - 6,2,130,134,2000,95,137,200000,0.927431145,Yes,No
0,606,Ara + 1,Ara + 1,1,147,154,2000,158,83,200000,0.852421349,Yes,No
500,606,Ara + 1,Ara + 1,1,31,27,2000,92,165,200000,1.126877015,Yes,No
1000,606,Ara + 1,Ara + 1,1,149,118,2000,66,192,200000,1.343219196,Yes,No
1500,606,Ara + 1,Ara + 1,1,145,100,2000,70,174,200000,1.330705753,Yes,No
2000,606,Ara + 1,Ara + 1,1,113,70,2000,86,155,200000,1.246523184,Yes,No
2500,606,Ara + 1,Ara + 1,1,73,28,2000,64,106,200000,1.326987875,Yes,No
3000,606,Ara + 1,Ara + 1,1,132,61,2000,63,127,200000,1.381057891,Yes,No
3500,606,Ara + 1,Ara + 1,1,100,64,2000,54,127,200000,1.326271082,Yes,No
4000,606,Ara + 1,Ara + 1,1,49,44,2000,54,128,200000,1.206424489,Yes,No
4500,606,Ara + 1,Ara + 1,1,165,32,2000,84,77,200000,1.395211651,Yes,No
5000,606,Ara + 1,Ara + 1,1,130,76,2000,66,97,200000,1.234731134,Yes,No
6000,606,Ara + 1,Ara + 1,1,151,62,2000,61,104,200000,1.384902201,Yes,No
7000,606,Ara + 1,Ara + 1,1,140,62,2000,58,110,200000,1.390589906,Yes,No
8000,606,Ara + 1,Ara + 1,1,137,86,2000,58,128,200000,1.335649843,Yes,No
9000,606,Ara + 1,Ara + 1,1,140,77,2000,55,158,200000,1.45033001,Yes,No
10000,606,Ara + 1,Ara + 1,1,141,95,2000,96,120,200000,1.146425471,Yes,No
11000,606,Ara + 1,Ara + 1,1,141,88,2000,81,161,200000,1.285958647,Yes,No
12000,606,Ara + 1,Ara + 1,1,137,62,2000,80,153,200000,1.354359804,Yes,No
13000,606,Ara + 1,Ara + 1,1,140,74,2000,58,159,200000,1.442011665,Yes,No
14000,606,Ara + 1,Ara + 1,1,122,74,2000,80,146,200000,1.263325281,Yes,No
15000,606,Ara + 1,Ara + 1,1,67,27,2000,58,183,200000,1.461317089,Yes,No
16000,606,Ara + 1,Ara + 1,1,115,76,2000,51,140,200000,1.375525227,Yes,No
17000,606,Ara + 1,Ara + 1,1,142,78,2000,92,140,200000,1.244291513,Yes,No
18000,606,Ara + 1,Ara + 1,1,143,83,2000,51,162,200000,1.475574377,Yes,No
19000,606,Ara + 1,Ara + 1,1,145,78,2000,38,178,200000,1.662647682,Yes,No
20000,606,Ara + 1,Ara + 1,1,143,100,2000,37,167,200000,1.573197291,Yes,No
22000,606,Ara + 1,Ara + 1,1,134,72,2000,48,166,200000,1.520314132,Yes,No
24000,606,Ara + 1,Ara + 1,1,130,61,2000,37,170,200000,1.681351219,Yes,No
26000,606,Ara + 1,Ara + 1,1,103,74,2000,45,154,200000,1.41326745,Yes,No
28000,606,Ara + 1,Ara + 1,1,115,78,2000,48,156,200000,1.419912605,Yes,No
30000,606,Ara + 1,Ara + 1,1,90,53,2000,40,146,200000,1.480793239,Yes,No
32000,606,Ara + 1,Ara + 1,1,157,82,2000,55,148,200000,1.46099182,Yes,No
34000,606,Ara + 1,Ara + 1,1,125,89,2000,82,157,200000,1.236449391,Yes,No
36000,606,Ara + 1,Ara + 1,1,150,77,2000,51,157,200000,1.507959987,Yes,No
38000,606,Ara + 1,Ara + 1,1,155,79,2000,32,158,200000,1.750074539,Yes,No
40000,606,Ara + 1,Ara + 1,1,151,86,2000,37,134,200000,1.578294876,Yes,No
42000,606,Ara + 1,Ara + 1,1,112,80,2000,36,132,200000,1.471373355,Yes,No
44000,606,Ara + 1,Ara + 1,1,122,78,2000,41,112,200000,1.413187544,Yes,No
46000,606,Ara + 1,Ara + 1,1,146,79,2000,38,136,200000,1.579668826,Yes,No
48000,606,Ara + 1,Ara + 1,1,132,81,2000,44,127,200000,1.441558436,Yes,No
50000,606,Ara + 1,Ara + 1,1,135,78,2000,42,100,200000,1.411938831,Yes,No
0,606,Ara + 1,Ara + 1,1,127,145,2000,151,142,200000,0.95939959,Yes,No
0,606,Ara + 1,Ara + 1,2,144,152,2000,135,142,200000,0.999225891,Yes,No
500,606,Ara + 1,Ara + 1,2,121,127,2000,103,163,200000,1.092397533,Yes,No
1000,606,Ara + 1,Ara + 1,2,117,124,2000,40,102,200000,1.248589079,Yes,No
1500,606,Ara + 1,Ara + 1,2,108,79,2000,118,149,200000,1.116313849,Yes,No
2000,606,Ara + 1,Ara + 1,2,149,94,2000,81,130,200000,1.233686994,Yes,No
2500,606,Ara + 1,Ara + 1,2,161,49,2000,81,109,200000,1.379377549,Yes,No
3000,606,Ara + 1,Ara + 1,2,150,70,2000,78,100,200000,1.255767926,Yes,No
3500,606,Ara + 1,Ara + 1,2,131,76,2000,86,131,200000,1.230697933,Yes,No
4000,606,Ara + 1,Ara + 1,2,171,72,2000,75,103,200000,1.312679174,Yes,No
4500,606,Ara + 1,Ara + 1,2,125,54,2000,69,97,200000,1.294177278,Yes,No
5000,606,Ara + 1,Ara + 1,2,147,79,2000,91,111,200000,1.198675588,Yes,No
6000,606,Ara + 1,Ara + 1,2,159,83,2000,67,133,200000,1.357052896,Yes,No
7000,606,Ara + 1,Ara + 1,2,159,89,2000,93,138,200000,1.239605372,Yes,No
8000,606,Ara + 1,Ara + 1,2,146,82,2000,60,134,200000,1.371479209,Yes,No
9000,606,Ara + 1,Ara + 1,2,144,82,2000,60,139,200000,1.376229423,Yes,No
10000,606,Ara + 1,Ara + 1,2,166,101,2000,54,142,200000,1.420344721,Yes,No
11000,606,Ara + 1,Ara + 1,2,160,73,2000,61,139,200000,1.441739018,Yes,No
12000,606,Ara + 1,Ara + 1,2,160,99,2000,58,131,200000,1.360626692,Yes,No
13000,606,Ara + 1,Ara + 1,2,151,92,2000,64,179,200000,1.406748369,Yes,No
14000,606,Ara + 1,Ara + 1,2,153,92,2000,46,157,200000,1.510156664,Yes,No
15000,606,Ara + 1,Ara + 1,2,149,81,2000,45,146,200000,1.524207996,Yes,No
16000,606,Ara + 1,Ara + 1,2,143,77,2000,51,122,200000,1.417227627,Yes,No
17000,606,Ara + 1,Ara + 1,2,166,85,2000,64,149,200000,1.414669387,Yes,No
18000,606,Ara + 1,Ara + 1,2,162,81,2000,57,159,200000,1.482780427,Yes,No
19000,606,Ara + 1,Ara + 1,2,144,83,2000,47,155,200000,1.500429769,Yes,No
20000,606,Ara + 1,Ara + 1,2,130,86,2000,46,145,200000,1.437789729,Yes,No
22000,606,Ara + 1,Ara + 1,2,170,110,2000,61,135,200000,1.343473359,Yes,No
24000,606,Ara + 1,Ara + 1,2,148,86,2000,60,123,200000,1.340519117,Yes,No
26000,606,Ara + 1,Ara + 1,2,168,97,2000,55,167,200000,1.475819087,Yes,No
28000,606,Ara + 1,Ara + 1,2,162,96,2000,59,148,200000,1.401356969,Yes,No
30000,606,Ara + 1,Ara + 1,2,152,83,2000,62,141,200000,1.384709353,Yes,No
32000,606,Ara + 1,Ara + 1,2,161,97,2000,42,146,200000,1.537380065,Yes,No
34000,606,Ara + 1,Ara + 1,2,162,100,2000,51,165,200000,1.48024185,Yes,No
36000,606,Ara + 1,Ara + 1,2,170,80,2000,48,118,200000,1.494901783,Yes,No
38000,606,Ara + 1,Ara + 1,2,157,106,2000,46,150,200000,1.466253128,Yes,No
40000,606,Ara + 1,Ara + 1,2,174,100,2000,55,151,200000,1.452831991,Yes,No
42000,606,Ara + 1,Ara + 1,2,172,94,2000,65,158,200000,1.410898012,Yes,No
44000,606,Ara + 1,Ara + 1,2,164,72,2000,59,110,200000,1.403630289,Yes,No
46000,606,Ara + 1,Ara + 1,2,154,86,2000,32,149,200000,1.699027101,Yes,No
48000,606,Ara + 1,Ara + 1,2,170,27,2000,32,31,200000,1.616063561,Yes,No
50000,606,Ara + 1,Ara + 1,2,142,43,2000,63,87,200000,1.400107896,Yes,No
0,606,Ara + 1,Ara + 1,2,141,174,2000,139,140,200000,0.955754293,Yes,No
0,606,Ara + 2,Ara + 2,1,161,147,2000,118,109,200000,1.002709319,Yes,No
500,606,Ara + 2,Ara + 2,1,110,95,2000,55,115,200000,1.226021784,Yes,No
1000,606,Ara + 2,Ara + 2,1,133,98,2000,82,125,200000,1.176384576,Yes,No
1500,606,Ara + 2,Ara + 2,1,120,70,2000,69,140,200000,1.307650192,Yes,No
2000,606,Ara + 2,Ara + 2,1,126,61,2000,83,104,200000,1.227082115,Yes,No
2500,606,Ara + 2,Ara + 2,1,135,66,2000,45,117,200000,1.47657319,Yes,No
3000,606,Ara + 2,Ara + 2,1,117,78,2000,36,123,200000,1.476907422,Yes,No
3500,606,Ara + 2,Ara + 2,1,135,62,2000,57,92,200000,1.335798987,Yes,No
4000,606,Ara + 2,Ara + 2,1,101,60,2000,28,102,200000,1.545877636,Yes,No
4500,606,Ara + 2,Ara + 2,1,112,40,2000,43,122,200000,1.568123188,Yes,No
5000,606,Ara + 2,Ara + 2,1,123,62,2000,37,84,200000,1.442124387,Yes,No
6000,606,Ara + 2,Ara + 2,1,144,50,2000,38,103,200000,1.627854837,Yes,No
7000,606,Ara + 2,Ara + 2,1,145,63,2000,36,82,200000,1.515822646,Yes,No
8000,606,Ara + 2,Ara + 2,1,112,60,2000,55,149,200000,1.416221252,Yes,No
9000,606,Ara + 2,Ara + 2,1,110,48,2000,54,97,200000,1.36341161,Yes,No
10000,606,Ara + 2,Ara + 2,1,137,45,2000,46,72,200000,1.444342176,Yes,No
11000,606,Ara + 2,Ara + 2,1,159,58,2000,39,73,200000,1.511077213,Yes,No
12000,606,Ara + 2,Ara + 2,1,100,64,2000,28,90,200000,1.484331696,Yes,No
13000,606,Ara + 2,Ara + 2,1,133,59,2000,29,94,200000,1.645274241,Yes,No
14000,606,Ara + 2,Ara + 2,1,111,54,2000,36,112,200000,1.533326051,Yes,No
15000,606,Ara + 2,Ara + 2,1,136,78,2000,36,107,200000,1.502209634,Yes,No
16000,606,Ara + 2,Ara + 2,1,126,67,2000,32,124,200000,1.614023404,Yes,No
17000,606,Ara + 2,Ara + 2,1,119,63,2000,32,67,200000,1.417690246,Yes,No
18000,606,Ara + 2,Ara + 2,1,122,43,2000,17,113,200000,2.114878996,Yes,No
19000,606,Ara + 2,Ara + 2,1,137,67,2000,40,83,200000,1.428340257,Yes,No
20000,606,Ara + 2,Ara + 2,1,137,56,2000,29,101,200000,1.701872035,Yes,No
22000,606,Ara + 2,Ara + 2,1,111,71,2000,23,103,200000,1.642031981,Yes,No
24000,606,Ara + 2,Ara + 2,1,159,64,2000,31,97,200000,1.690427638,Yes,No
26000,606,Ara + 2,Ara + 2,1,158,91,2000,28,98,200000,1.627699757,Yes,No
28000,606,Ara + 2,Ara + 2,1,90,54,2000,19,95,200000,1.695214075,Yes,No
30000,606,Ara + 2,Ara + 2,1,123,74,2000,27,83,200000,1.52807272,Yes,No
32000,606,Ara + 2,Ara + 2,1,127,68,2000,21,75,200000,1.676400396,Yes,No
34000,606,Ara + 2,Ara + 2,1,138,69,2000,33,140,200000,1.673596848,Yes,No
36000,606,Ara + 2,Ara + 2,1,112,53,2000,18,103,200000,1.897560507,Yes,No
38000,606,Ara + 2,Ara + 2,1,136,63,2000,18,96,200000,1.946033078,Yes,No
40000,606,Ara + 2,Ara + 2,1,128,66,2000,17,85,200000,1.878384815,Yes,No
42000,606,Ara + 2,Ara + 2,1,126,54,2000,28,114,200000,1.725967248,Yes,No
44000,606,Ara + 2,Ara + 2,1,125,49,2000,23,84,200000,1.766328056,Yes,No
46000,606,Ara + 2,Ara + 2,1,149,44,2000,22,65,200000,1.855450837,Yes,No
48000,606,Ara + 2,Ara + 2,1,140,39,2000,20,86,200000,2.029119289,Yes,No
50000,606,Ara + 2,Ara + 2,1,163,48,2000,14,85,200000,2.407196019,Yes,No
0,606,Ara + 2,Ara + 2,1,145,139,2000,111,104,200000,0.994725756,Yes,No
0,606,Ara + 2,Ara + 2,2,65,82,2000,78,100,200000,1.003369067,Yes,No
500,606,Ara + 2,Ara + 2,2,50,66,2000,42,167,200000,1.24886889,Yes,No
1000,606,Ara + 2,Ara + 2,2,87,69,2000,44,120,200000,1.314800287,Yes,No
1500,606,Ara + 2,Ara + 2,2,60,59,2000,40,118,200000,1.261592723,Yes,No
2000,606,Ara + 2,Ara + 2,2,113,74,2000,28,104,200000,1.540659255,Yes,No
2500,606,Ara + 2,Ara + 2,2,119,114,2000,21,54,200000,1.343968951,Yes,No
3000,606,Ara + 2,Ara + 2,2,94,64,2000,35,109,200000,1.420325571,Yes,No
3500,606,Ara + 2,Ara + 2,2,92,66,2000,31,108,200000,1.449278407,Yes,No
4000,606,Ara + 2,Ara + 2,2,100,57,2000,33,94,200000,1.460146621,Yes,No
4500,606,Ara + 2,Ara + 2,2,90,51,2000,22,66,200000,1.52139744,Yes,No
5000,606,Ara + 2,Ara + 2,2,61,45,2000,17,63,200000,1.485087323,Yes,No
6000,606,Ara + 2,Ara + 2,2,111,88,2000,30,84,200000,1.382734319,Yes,No
7000,606,Ara + 2,Ara + 2,2,97,78,2000,17,93,200000,1.669555707,Yes,No
8000,606,Ara + 2,Ara + 2,2,102,84,2000,12,89,200000,1.891599589,Yes,No
9000,606,Ara + 2,Ara + 2,2,79,54,2000,12,81,200000,1.841719442,Yes,No
10000,606,Ara + 2,Ara + 2,2,65,50,2000,21,101,200000,1.527424832,Yes,No
11000,606,Ara + 2,Ara + 2,2,73,66,2000,34,76,200000,1.235657568,Yes,No
12000,606,Ara + 2,Ara + 2,2,96,100,2000,16,87,200000,1.587364437,Yes,No
13000,606,Ara + 2,Ara + 2,2,74,74,2000,29,81,200000,1.280000291,Yes,No
14000,606,Ara + 2,Ara + 2,2,82,83,2000,28,102,200000,1.362722152,Yes,No
15000,606,Ara + 2,Ara + 2,2,74,61,2000,31,86,200000,1.32490531,Yes,No
16000,606,Ara + 2,Ara + 2,2,104,93,2000,22,85,200000,1.479516936,Yes,No
17000,606,Ara + 2,Ara + 2,2,139,55,2000,20,71,200000,1.822856615,Yes,No
18000,606,Ara + 2,Ara + 2,2,120,68,2000,34,105,200000,1.507046682,Yes,No
19000,606,Ara + 2,Ara + 2,2,91,66,2000,31,78,200000,1.352557076,Yes,No
20000,606,Ara + 2,Ara + 2,2,102,47,2000,27,112,200000,1.670776633,Yes,No
22000,606,Ara + 2,Ara + 2,2,130,54,2000,18,110,200000,2.023078899,Yes,No
24000,606,Ara + 2,Ara + 2,2,124,77,2000,18,119,200000,1.884111281,Yes,No
26000,606,Ara + 2,Ara + 2,2,88,76,2000,30,146,200000,1.489939826,Yes,No
28000,606,Ara + 2,Ara + 2,2,110,33,2000,23,68,200000,1.75258151,Yes,No
30000,606,Ara + 2,Ara + 2,2,95,48,2000,14,71,200000,1.857248274,Yes,No
32000,606,Ara + 2,Ara + 2,2,103,39,2000,29,132,200000,1.745017781,Yes,No
34000,606,Ara + 2,Ara + 2,2,124,42,2000,41,86,200000,1.521196989,Yes,No
36000,606,Ara + 2,Ara + 2,2,105,30,2000,42,104,200000,1.585403854,Yes,No
38000,606,Ara + 2,Ara + 2,2,101,51,2000,11,79,200000,2.111770802,Yes,No
40000,606,Ara + 2,Ara + 2,2,115,53,2000,37,116,200000,1.552355616,Yes,No
42000,606,Ara + 2,Ara + 2,2,149,58,2000,35,89,200000,1.594566396,Yes,No
44000,606,Ara + 2,Ara + 2,2,107,31,2000,17,96,200000,2.0739171,Yes,No
46000,606,Ara + 2,Ara + 2,2,137,64,2000,30,90,200000,1.602552547,Yes,No
48000,606,Ara + 2,Ara + 2,2,111,46,2000,28,115,200000,1.710572156,Yes,No
50000,606,Ara + 2,Ara + 2,2,107,22,2000,33,107,200000,1.804382965,Yes,No
0,606,Ara + 2,Ara + 2,2,123,127,2000,120,115,200000,0.983721709,Yes,No
0,606,Ara + 3,Ara + 3,1,199,196,2000,132,147,200000,1.029280232,Yes,Yes
500,606,Ara + 3,Ara + 3,1,210,161,2000,102,154,200000,1.174524019,Yes,Yes
1000,606,Ara + 3,Ara + 3,1,215,182,2000,90,174,200000,1.221157304,Yes,Yes
1500,606,Ara + 3,Ara + 3,1,156,121,2000,106,142,200000,1.1295296,Yes,Yes
2000,606,Ara + 3,Ara + 3,1,41,47,2000,69,135,200000,1.104296439,Yes,Yes
2500,606,Ara + 3,Ara + 3,1,207,139,2000,85,181,200000,1.310648384,Yes,Yes
3000,606,Ara + 3,Ara + 3,1,145,114,2000,66,147,200000,1.272731344,Yes,Yes
3500,606,Ara + 3,Ara + 3,1,181,127,2000,66,116,200000,1.255328607,Yes,Yes
4000,606,Ara + 3,Ara + 3,1,200,118,2000,52,134,200000,1.452481627,Yes,Yes
4500,606,Ara + 3,Ara + 3,1,211,121,2000,56,144,200000,1.457664864,Yes,Yes
5000,606,Ara + 3,Ara + 3,1,203,112,2000,43,115,200000,1.51698466,Yes,Yes
6000,606,Ara + 3,Ara + 3,1,190,87,2000,81,130,200000,1.334222361,Yes,Yes
7000,606,Ara + 3,Ara + 3,1,193,86,2000,53,128,200000,1.510171327,Yes,Yes
8000,606,Ara + 3,Ara + 3,1,212,93,2000,43,129,200000,1.638783066,Yes,Yes
9000,606,Ara + 3,Ara + 3,1,209,102,2000,43,122,200000,1.58206395,Yes,Yes
10000,606,Ara + 3,Ara + 3,1,216,112,2000,49,118,200000,1.491923606,Yes,Yes
11000,606,Ara + 3,Ara + 3,1,227,105,2000,45,108,200000,1.551229691,Yes,Yes
12000,606,Ara + 3,Ara + 3,1,232,68,2000,54,100,200000,1.58569166,Yes,Yes
13000,606,Ara + 3,Ara + 3,1,213,86,2000,58,124,200000,1.50442539,Yes,Yes
14000,606,Ara + 3,Ara + 3,1,176,86,2000,49,117,200000,1.476923866,Yes,Yes
15000,606,Ara + 3,Ara + 3,1,190,93,2000,41,114,200000,1.565498154,Yes,Yes
16000,606,Ara + 3,Ara + 3,1,205,93,2000,37,123,200000,1.688428327,Yes,Yes
17000,606,Ara + 3,Ara + 3,1,212,99,2000,32,98,200000,1.692880032,Yes,Yes
18000,606,Ara + 3,Ara + 3,1,201,112,2000,51,112,200000,1.424121944,Yes,Yes
19000,606,Ara + 3,Ara + 3,1,195,73,2000,61,118,200000,1.477005418,Yes,Yes
20000,606,Ara + 3,Ara + 3,1,204,109,2000,42,108,200000,1.519464221,Yes,Yes
22000,606,Ara + 3,Ara + 3,1,217,117,2000,49,129,200000,1.508716121,Yes,Yes
24000,606,Ara + 3,Ara + 3,1,213,101,2000,60,146,200000,1.489911523,Yes,Yes
26000,606,Ara + 3,Ara + 3,1,224,124,2000,59,101,200000,1.345131858,Yes,Yes
28000,606,Ara + 3,Ara + 3,1,191,93,2000,31,104,200000,1.692557586,Yes,Yes
30000,606,Ara + 3,Ara + 3,1,232,52,2000,31,82,200000,1.952093287,Yes,Yes
32000,606,Ara + 3,Ara + 3,1,204,50,2000,39,79,200000,1.715778052,Yes,Yes
34000,606,Ara + 3,Ara + 3,1,229,29,2000,60,83,200000,1.732110825,Yes,Yes
36000,606,Ara + 3,Ara + 3,1,227,49,2000,64,65,200000,1.463787367,Yes,Yes
38000,606,Ara + 3,Ara + 3,1,205,77,2000,34,137,200000,1.844866457,Yes,Yes
40000,606,Ara + 3,Ara + 3,1,195,51,2000,29,85,200000,1.895187768,Yes,Yes
42000,606,Ara + 3,Ara + 3,1,188,62,2000,24,90,200000,1.954562804,Yes,Yes
44000,606,Ara + 3,Ara + 3,1,202,72,2000,31,75,200000,1.701274201,Yes,Yes
46000,606,Ara + 3,Ara + 3,1,179,40,2000,29,62,200000,1.810872484,Yes,Yes
48000,606,Ara + 3,Ara + 3,1,179,26,2000,35,46,200000,1.740828956,Yes,Yes
50000,606,Ara + 3,Ara + 3,1,184,16,2000,32,18,200000,1.653712285,Yes,Yes
0,606,Ara + 3,Ara + 3,1,214,209,2000,180,163,200000,0.982950742,Yes,Yes
0,606,Ara + 3,Ara + 3,2,110,163,2000,139,150,200000,0.934470398,Yes,Yes
500,606,Ara + 3,Ara + 3,2,128,108,2000,89,154,200000,1.16931946,Yes,Yes
1000,606,Ara + 3,Ara + 3,2,115,111,2000,100,146,200000,1.09267649,Yes,Yes
1500,606,Ara + 3,Ara + 3,2,140,100,2000,85,197,200000,1.286647198,Yes,Yes
2000,606,Ara + 3,Ara + 3,2,107,78,2000,38,154,200000,1.480538175,Yes,Yes
2500,606,Ara + 3,Ara + 3,2,121,101,2000,36,161,200000,1.494726092,Yes,Yes
3000,606,Ara + 3,Ara + 3,2,162,89,2000,46,129,200000,1.487156639,Yes,Yes
3500,606,Ara + 3,Ara + 3,2,139,78,2000,66,155,200000,1.370830394,Yes,Yes
4000,606,Ara + 3,Ara + 3,2,103,81,2000,46,99,200000,1.265000368,Yes,Yes
4500,606,Ara + 3,Ara + 3,2,114,70,2000,54,133,200000,1.360052931,Yes,Yes
5000,606,Ara + 3,Ara + 3,2,80,48,2000,62,162,200000,1.338205419,Yes,Yes
6000,606,Ara + 3,Ara + 3,2,144,87,2000,53,131,200000,1.390723187,Yes,Yes
7000,606,Ara + 3,Ara + 3,2,139,76,2000,38,112,200000,1.509222942,Yes,Yes
8000,606,Ara + 3,Ara + 3,2,159,89,2000,36,108,200000,1.5381397,Yes,Yes
9000,606,Ara + 3,Ara + 3,2,89,48,2000,36,123,200000,1.498939042,Yes,Yes
10000,606,Ara + 3,Ara + 3,2,121,59,2000,40,137,200000,1.557235619,Yes,Yes
11000,606,Ara + 3,Ara + 3,2,142,76,2000,23,114,200000,1.799255998,Yes,Yes
12000,606,Ara + 3,Ara + 3,2,71,39,2000,60,118,200000,1.287470309,Yes,Yes
13000,606,Ara + 3,Ara + 3,2,65,41,2000,28,116,200000,1.500187928,Yes,Yes
14000,606,Ara + 3,Ara + 3,2,150,74,2000,31,128,200000,1.701534674,Yes,Yes
15000,606,Ara + 3,Ara + 3,2,145,62,2000,26,121,200000,1.827045241,Yes,Yes
16000,606,Ara + 3,Ara + 3,2,137,85,2000,40,124,200000,1.476792833,Yes,Yes
17000,606,Ara + 3,Ara + 3,2,115,42,2000,37,103,200000,1.585128874,Yes,Yes
18000,606,Ara + 3,Ara + 3,2,141,62,2000,38,168,200000,1.700669644,Yes,Yes
19000,606,Ara + 3,Ara + 3,2,127,74,2000,12,63,200000,1.978832585,Yes,Yes
20000,606,Ara + 3,Ara + 3,2,119,59,2000,21,64,200000,1.632608592,Yes,Yes
22000,606,Ara + 3,Ara + 3,2,114,55,2000,17,76,200000,1.823920343,Yes,Yes
24000,606,Ara + 3,Ara + 3,2,178,73,2000,30,106,200000,1.762436454,Yes,Yes
26000,606,Ara + 3,Ara + 3,2,129,58,2000,13,87,200000,2.168817821,Yes,Yes
28000,606,Ara + 3,Ara + 3,2,155,25,2000,30,42,200000,1.729349815,Yes,Yes
30000,606,Ara + 3,Ara + 3,2,154,40,2000,24,35,200000,1.628258143,Yes,Yes
32000,606,Ara + 3,Ara + 3,2,168,38,2000,53,45,200000,1.383238915,Yes,Yes
34000,606,Ara + 3,Ara + 3,2,155,32,2000,29,64,200000,1.808891562,Yes,Yes
36000,606,Ara + 3,Ara + 3,2,132,61,2000,13,61,200000,2.013349674,Yes,Yes
38000,606,Ara + 3,Ara + 3,2,129,62,2000,22,93,200000,1.766547341,Yes,Yes
40000,606,Ara + 3,Ara + 3,2,144,52,2000,23,96,200000,1.883275018,Yes,Yes
42000,606,Ara + 3,Ara + 3,2,132,41,2000,28,78,200000,1.718180359,Yes,Yes
44000,606,Ara + 3,Ara + 3,2,149,42,2000,17,88,200000,2.195512511,Yes,Yes
46000,606,Ara + 3,Ara + 3,2,88,26,2000,28,64,200000,1.591299552,Yes,Yes
48000,606,Ara + 3,Ara + 3,2,134,42,2000,26,31,200000,1.450545868,Yes,Yes
50000,606,Ara + 3,Ara + 3,2,161,24,2000,20,33,200000,1.954208232,Yes,Yes
0,606,Ara + 3,Ara + 3,2,160,139,2000,161,160,200000,1.029160192,Yes,Yes
0,606,Ara + 4,Ara + 4,1,100,136,2000,134,146,200000,0.954731497,Yes,No
500,606,Ara + 4,Ara + 4,1,97,80,2000,94,113,200000,1.082378147,Yes,No
1000,606,Ara + 4,Ara + 4,1,130,93,2000,88,146,200000,1.199575384,Yes,No
1500,606,Ara + 4,Ara + 4,1,105,62,2000,73,128,200000,1.256596334,Yes,No
2000,606,Ara + 4,Ara + 4,1,104,94,2000,83,113,200000,1.093533991,Yes,No
2500,606,Ara + 4,Ara + 4,1,92,101,2000,38,148,200000,1.340313126,Yes,No
3000,606,Ara + 4,Ara + 4,1,126,93,2000,53,147,200000,1.354040998,Yes,No
3500,606,Ara + 4,Ara + 4,1,107,87,2000,47,139,200000,1.341374968,Yes,No
4000,606,Ara + 4,Ara + 4,1,96,58,2000,39,87,200000,1.352623211,Yes,No
4500,606,Ara + 4,Ara + 4,1,65,52,2000,36,143,200000,1.399190021,Yes,No
5000,606,Ara + 4,Ara + 4,1,124,75,2000,52,130,200000,1.379827066,Yes,No
6000,606,Ara + 4,Ara + 4,1,118,66,2000,47,121,200000,1.414335094,Yes,No
7000,606,Ara + 4,Ara + 4,1,80,57,2000,34,150,200000,1.486264343,Yes,No
8000,606,Ara + 4,Ara + 4,1,87,57,2000,38,136,200000,1.449561506,Yes,No
9000,606,Ara + 4,Ara + 4,1,108,59,2000,52,116,200000,1.363148581,Yes,No
10000,606,Ara + 4,Ara + 4,1,62,43,2000,25,109,200000,1.497281654,Yes,No
11000,606,Ara + 4,Ara + 4,1,93,46,2000,45,102,200000,1.392414776,Yes,No
12000,606,Ara + 4,Ara + 4,1,118,74,2000,40,112,200000,1.424661919,Yes,No
13000,606,Ara + 4,Ara + 4,1,95,41,2000,42,90,200000,1.422924403,Yes,No
14000,606,Ara + 4,Ara + 4,1,78,63,2000,31,105,200000,1.389291859,Yes,No
15000,606,Ara + 4,Ara + 4,1,118,67,2000,33,86,200000,1.457470695,Yes,No
16000,606,Ara + 4,Ara + 4,1,119,61,2000,36,111,200000,1.526243248,Yes,No
17000,606,Ara + 4,Ara + 4,1,112,65,2000,29,109,200000,1.574118782,Yes,No
18000,606,Ara + 4,Ara + 4,1,137,52,2000,37,98,200000,1.589418569,Yes,No
19000,606,Ara + 4,Ara + 4,1,119,60,2000,32,108,200000,1.577551585,Yes,No
20000,606,Ara + 4,Ara + 4,1,146,66,2000,32,126,200000,1.701097482,Yes,No
22000,606,Ara + 4,Ara + 4,1,112,67,2000,48,127,200000,1.395647377,Yes,No
24000,606,Ara + 4,Ara + 4,1,127,63,2000,43,134,200000,1.521747999,Yes,No
26000,606,Ara + 4,Ara + 4,1,128,68,2000,32,144,200000,1.663772097,Yes,No
28000,606,Ara + 4,Ara + 4,1,121,115,2000,24,117,200000,1.547285333,Yes,No
30000,606,Ara + 4,Ara + 4,1,91,62,2000,21,117,200000,1.669477013,Yes,No
32000,606,Ara + 4,Ara + 4,1,106,69,2000,23,105,200000,1.632972411,Yes,No
34000,606,Ara + 4,Ara + 4,1,106,49,2000,25,138,200000,1.784658365,Yes,No
36000,606,Ara + 4,Ara + 4,1,129,63,2000,33,112,200000,1.598010337,Yes,No
38000,606,Ara + 4,Ara + 4,1,119,71,2000,34,103,200000,1.484670261,Yes,No
40000,606,Ara + 4,Ara + 4,1,74,67,2000,30,128,200000,1.418713859,Yes,No
42000,606,Ara + 4,Ara + 4,1,94,57,2000,24,126,200000,1.666209486,Yes,No
44000,606,Ara + 4,Ara + 4,1,135,54,2000,25,106,200000,1.808852018,Yes,No
46000,606,Ara + 4,Ara + 4,1,106,43,2000,35,87,200000,1.51837518,Yes,No
48000,606,Ara + 4,Ara + 4,1,107,50,2000,27,77,200000,1.560308094,Yes,No
50000,606,Ara + 4,Ara + 4,1,83,46,2000,16,77,200000,1.730475022,Yes,No
0,606,Ara + 4,Ara + 4,1,133,132,2000,140,134,200000,0.992213959,Yes,No
0,606,Ara + 4,Ara + 4,2,158,135,2000,160,137,200000,1.000460693,Yes,No
500,606,Ara + 4,Ara + 4,2,135,105,2000,100,90,200000,1.033902831,Yes,No
1000,606,Ara + 4,Ara + 4,2,161,107,2000,73,116,200000,1.228540849,Yes,No
1500,606,Ara + 4,Ara + 4,2,109,49,2000,103,130,200000,1.226958647,Yes,No
2000,606,Ara + 4,Ara + 4,2,112,89,2000,73,119,200000,1.172014379,Yes,No
2500,606,Ara + 4,Ara + 4,2,129,70,2000,67,139,200000,1.339514269,Yes,No
3000,606,Ara + 4,Ara + 4,2,150,36,2000,84,71,200000,1.312762593,Yes,No
3500,606,Ara + 4,Ara + 4,2,151,31,2000,68,59,200000,1.378558362,Yes,No
4000,606,Ara + 4,Ara + 4,2,189,45,2000,85,70,200000,1.32603895,Yes,No
4500,606,Ara + 4,Ara + 4,2,155,44,2000,28,61,200000,1.704195005,Yes,No
5000,606,Ara + 4,Ara + 4,2,146,56,2000,41,79,200000,1.483977534,Yes,No
6000,606,Ara + 4,Ara + 4,2,109,58,2000,66,90,200000,1.229332293,Yes,No
7000,606,Ara + 4,Ara + 4,2,141,69,2000,37,107,200000,1.543736103,Yes,No
8000,606,Ara + 4,Ara + 4,2,130,61,2000,68,144,200000,1.380821722,Yes,No
9000,606,Ara + 4,Ara + 4,2,110,48,2000,26,79,200000,1.613582598,Yes,No
10000,606,Ara + 4,Ara + 4,2,130,36,2000,45,101,200000,1.590377391,Yes,No
11000,606,Ara + 4,Ara + 4,2,165,61,2000,45,97,200000,1.533327361,Yes,No
12000,606,Ara + 4,Ara + 4,2,141,57,2000,99,225,200000,1.406133584,Yes,No
13000,606,Ara + 4,Ara + 4,2,133,50,2000,54,93,200000,1.410912974,Yes,No
14000,606,Ara + 4,Ara + 4,2,159,46,2000,40,65,200000,1.535098542,Yes,No
15000,606,Ara + 4,Ara + 4,2,130,44,2000,28,92,200000,1.740406243,Yes,No
16000,606,Ara + 4,Ara + 4,2,133,39,2000,55,128,200000,1.556528404,Yes,No
17000,606,Ara + 4,Ara + 4,2,153,45,2000,64,132,200000,1.521664416,Yes,No
18000,606,Ara + 4,Ara + 4,2,149,58,2000,30,93,200000,1.691077376,Yes,No
19000,606,Ara + 4,Ara + 4,2,177,42,2000,37,111,200000,1.83458679,Yes,No
20000,606,Ara + 4,Ara + 4,2,179,64,2000,53,122,200000,1.549642833,Yes,No
22000,606,Ara + 4,Ara + 4,2,157,56,2000,48,149,200000,1.632619908,Yes,No
24000,606,Ara + 4,Ara + 4,2,135,62,2000,47,103,200000,1.440197985,Yes,No
26000,606,Ara + 4,Ara + 4,2,139,66,2000,46,102,200000,1.44041209,Yes,No
28000,606,Ara + 4,Ara + 4,2,148,54,2000,28,96,200000,1.761989165,Yes,No
30000,606,Ara + 4,Ara + 4,2,160,43,2000,32,107,200000,1.841552716,Yes,No
32000,606,Ara + 4,Ara + 4,2,161,55,2000,23,119,200000,2.021976196,Yes,No
34000,606,Ara + 4,Ara + 4,2,166,80,2000,32,101,200000,1.635146218,Yes,No
36000,606,Ara + 4,Ara + 4,2,179,75,2000,32,141,200000,1.815989294,Yes,No
38000,606,Ara + 4,Ara + 4,2,134,59,2000,21,91,200000,1.830945393,Yes,No
40000,606,Ara + 4,Ara + 4,2,148,61,2000,22,106,200000,1.910979888,Yes,No
42000,606,Ara + 4,Ara + 4,2,155,57,2000,39,112,200000,1.637245154,Yes,No
44000,606,Ara + 4,Ara + 4,2,125,27,2000,20,70,200000,2.004562926,Yes,No
46000,606,Ara + 4,Ara + 4,2,97,50,2000,31,70,200000,1.426387317,Yes,No
48000,606,Ara + 4,Ara + 4,2,129,55,2000,28,90,200000,1.656391061,Yes,No
50000,606,Ara + 4,Ara + 4,2,151,51,2000,45,125,200000,1.620731375,Yes,No
0,606,Ara + 4,Ara + 4,2,106,137,2000,140,152,200000,0.964306696,Yes,No
0,606,Ara + 5,Ara + 5,1,183,153,2000,189,166,200000,1.010628515,Yes,No
500,606,Ara + 5,Ara + 5,1,182,194,2000,98,173,200000,1.126556966,Yes,No
1000,606,Ara + 5,Ara + 5,1,192,134,2000,97,207,200000,1.284944788,Yes,No
1500,606,Ara + 5,Ara + 5,1,198,120,2000,68,183,200000,1.42154427,Yes,No
2000,606,Ara + 5,Ara + 5,1,198,122,2000,82,163,200000,1.314553092,Yes,No
2500,606,Ara + 5,Ara + 5,1,154,110,2000,92,208,200000,1.281716382,Yes,No
3000,606,Ara + 5,Ara + 5,1,207,115,2000,75,172,200000,1.394935075,Yes,No
3500,606,Ara + 5,Ara + 5,1,162,119,2000,62,187,200000,1.387533647,Yes,No
4000,606,Ara + 5,Ara + 5,1,219,99,2000,90,183,200000,1.40464627,Yes,No
4500,606,Ara + 5,Ara + 5,1,188,123,2000,74,160,200000,1.325465178,Yes,No
5000,606,Ara + 5,Ara + 5,1,174,91,2000,64,170,200000,1.450793914,Yes,No
6000,606,Ara + 5,Ara + 5,1,168,124,2000,52,156,200000,1.408540469,Yes,No
7000,606,Ara + 5,Ara + 5,1,193,109,2000,53,138,200000,1.461336947,Yes,No
8000,606,Ara + 5,Ara + 5,1,172,101,2000,52,158,200000,1.482183668,Yes,No
9000,606,Ara + 5,Ara + 5,1,177,90,2000,69,190,200000,1.461151811,Yes,No
10000,606,Ara + 5,Ara + 5,1,184,100,2000,40,145,200000,1.61628765,Yes,No
11000,606,Ara + 5,Ara + 5,1,156,104,2000,52,138,200000,1.39396899,Yes,No
12000,606,Ara + 5,Ara + 5,1,176,82,2000,46,153,200000,1.6023181,Yes,No
13000,606,Ara + 5,Ara + 5,1,178,73,2000,56,164,200000,1.570016818,Yes,No
14000,606,Ara + 5,Ara + 5,1,171,95,2000,56,181,200000,1.504730156,Yes,No
15000,606,Ara + 5,Ara + 5,1,208,81,2000,50,157,200000,1.656458531,Yes,No
16000,606,Ara + 5,Ara + 5,1,166,71,2000,53,167,200000,1.576591489,Yes,No
17000,606,Ara + 5,Ara + 5,1,171,100,2000,56,182,200000,1.491607342,Yes,No
18000,606,Ara + 5,Ara + 5,1,194,64,2000,76,165,200000,1.513676092,Yes,No
19000,606,Ara + 5,Ara + 5,1,187,83,2000,48,145,200000,1.59095395,Yes,No
20000,606,Ara + 5,Ara + 5,1,170,87,2000,64,152,200000,1.423037473,Yes,No
22000,606,Ara + 5,Ara + 5,1,221,97,2000,38,146,200000,1.762665061,Yes,No
24000,606,Ara + 5,Ara + 5,1,186,61,2000,69,160,200000,1.541282378,Yes,No
26000,606,Ara + 5,Ara + 5,1,182,83,2000,41,161,200000,1.691229908,Yes,No
28000,606,Ara + 5,Ara + 5,1,179,64,2000,53,136,200000,1.581706409,Yes,No
30000,606,Ara + 5,Ara + 5,1,173,54,2000,55,161,200000,1.647077679,Yes,No
32000,606,Ara + 5,Ara + 5,1,179,76,2000,48,147,200000,1.600757926,Yes,No
34000,606,Ara + 5,Ara + 5,1,176,79,2000,36,160,200000,1.759620676,Yes,No
36000,606,Ara + 5,Ara + 5,1,199,68,2000,42,139,200000,1.744573009,Yes,No
38000,606,Ara + 5,Ara + 5,1,195,62,2000,37,106,200000,1.746965756,Yes,No
40000,606,Ara + 5,Ara + 5,1,199,87,2000,48,104,200000,1.502844241,Yes,No
42000,606,Ara + 5,Ara + 5,1,190,209,2000,30,105,200000,1.419466728,Yes,No
44000,606,Ara + 5,Ara + 5,1,157,76,2000,33,129,200000,1.685885401,Yes,No
46000,606,Ara + 5,Ara + 5,1,178,73,2000,55,125,200000,1.499109444,Yes,No
48000,606,Ara + 5,Ara + 5,1,181,75,2000,24,121,200000,1.966734842,Yes,No
50000,606,Ara + 5,Ara + 5,1,178,65,2000,41,129,200000,1.68653649,Yes,No
0,606,Ara + 5,Ara + 5,1,184,210,2000,159,185,200000,1.004323671,Yes,No
0,606,Ara + 5,Ara + 5,2,171,201,2000,154,179,200000,0.997509555,Yes,No
500,606,Ara + 5,Ara + 5,2,160,134,2000,129,183,200000,1.120052556,Yes,No
1000,606,Ara + 5,Ara + 5,2,140,142,2000,68,131,200000,1.165207088,Yes,No
1500,606,Ara + 5,Ara + 5,2,179,138,2000,99,164,200000,1.190604773,Yes,No
2000,606,Ara + 5,Ara + 5,2,163,103,2000,76,159,200000,1.311594039,Yes,No
2500,606,Ara + 5,Ara + 5,2,175,119,2000,45,181,200000,1.547419605,Yes,No
3000,606,Ara + 5,Ara + 5,2,214,112,2000,73,214,200000,1.488148104,Yes,No
3500,606,Ara + 5,Ara + 5,2,181,119,2000,63,183,200000,1.418536725,Yes,No
4000,606,Ara + 5,Ara + 5,2,185,108,2000,72,204,200000,1.431431625,Yes,No
4500,606,Ara + 5,Ara + 5,2,156,102,2000,75,188,200000,1.346993454,Yes,No
5000,606,Ara + 5,Ara + 5,2,183,93,2000,59,163,200000,1.487472345,Yes,No
6000,606,Ara + 5,Ara + 5,2,178,85,2000,52,196,200000,1.612216159,Yes,No
7000,606,Ara + 5,Ara + 5,2,143,115,2000,62,170,200000,1.325398485,Yes,No
8000,606,Ara + 5,Ara + 5,2,164,71,2000,44,185,200000,1.691095093,Yes,No
9000,606,Ara + 5,Ara + 5,2,136,85,2000,54,172,200000,1.442350767,Yes,No
10000,606,Ara + 5,Ara + 5,2,177,103,2000,70,188,200000,1.415869732,Yes,No
11000,606,Ara + 5,Ara + 5,2,171,82,2000,50,158,200000,1.558583849,Yes,No
12000,606,Ara + 5,Ara + 5,2,166,105,2000,58,162,200000,1.417933967,Yes,No
13000,606,Ara + 5,Ara + 5,2,151,83,2000,50,162,200000,1.506873279,Yes,No
14000,606,Ara + 5,Ara + 5,2,168,89,2000,39,184,200000,1.695345992,Yes,No
15000,606,Ara + 5,Ara + 5,2,144,90,2000,47,188,200000,1.53257656,Yes,No
16000,606,Ara + 5,Ara + 5,2,161,89,2000,47,140,200000,1.499201552,Yes,No
17000,606,Ara + 5,Ara + 5,2,166,103,2000,24,129,200000,1.808246516,Yes,No
18000,606,Ara + 5,Ara + 5,2,163,85,2000,52,177,200000,1.541780871,Yes,No
19000,606,Ara + 5,Ara + 5,2,172,83,2000,41,113,200000,1.549458681,Yes,No
20000,606,Ara + 5,Ara + 5,2,153,86,2000,42,138,200000,1.533049658,Yes,No
22000,606,Ara + 5,Ara + 5,2,184,102,2000,36,137,200000,1.647809248,Yes,No
24000,606,Ara + 5,Ara + 5,2,147,101,2000,21,129,200000,1.823763756,Yes,No
26000,606,Ara + 5,Ara + 5,2,186,85,2000,24,132,200000,1.972772454,Yes,No
28000,606,Ara + 5,Ara + 5,2,167,78,2000,35,103,200000,1.604979829,Yes,No
30000,606,Ara + 5,Ara + 5,2,181,85,2000,28,80,200000,1.659272929,Yes,No
32000,606,Ara + 5,Ara + 5,2,,,2000,,,200000,,Yes,No
34000,606,Ara + 5,Ara + 5,2,161,72,2000,26,119,200000,1.836046109,Yes,No
36000,606,Ara + 5,Ara + 5,2,186,82,2000,55,105,200000,1.432760521,Yes,No
38000,606,Ara + 5,Ara + 5,2,169,82,2000,34,111,200000,1.635104219,Yes,No
40000,606,Ara + 5,Ara + 5,2,185,70,2000,37,112,200000,1.694134639,Yes,No
42000,606,Ara + 5,Ara + 5,2,202,62,2000,27,77,200000,1.859747766,Yes,No
44000,606,Ara + 5,Ara + 5,2,161,80,2000,52,100,200000,1.389438988,Yes,No
46000,606,Ara + 5,Ara + 5,2,177,87,2000,53,121,200000,1.451779678,Yes,No
48000,606,Ara + 5,Ara + 5,2,154,76,2000,42,132,200000,1.560016556,Yes,No
50000,606,Ara + 5,Ara + 5,2,154,46,2000,54,151,200000,1.62875463,Yes,No
0,606,Ara + 5,Ara + 5,2,151,181,2000,129,129,200000,0.959256001,Yes,No
0,606,Ara + 6,Ara + 6,1,275,338,1000,91,112,200000,1.000325485,No,Yes
500,606,Ara + 6,Ara + 6,1,290,237,1000,46,79,200000,1.214813572,No,Yes
1000,606,Ara + 6,Ara + 6,1,249,255,1000,66,111,200000,1.124937013,No,Yes
1500,606,Ara + 6,Ara + 6,1,275,245,1000,54,129,200000,1.268719002,No,Yes
2000,606,Ara + 6,Ara + 6,1,303,257,1000,86,132,200000,1.146848565,No,Yes
2500,606,Ara + 6,Ara + 6,1,253,188,1000,38,129,200000,1.446485673,No,Yes
3000,606,Ara + 6,Ara + 6,1,196,138,1000,27,79,200000,1.429570254,No,Yes
3500,606,Ara + 6,Ara + 6,1,320,189,1000,59,93,200000,1.272107229,No,Yes
4000,606,Ara + 6,Ara + 6,1,291,206,1000,32,105,200000,1.496216604,No,Yes
0,606,Ara + 6,Ara + 6,2,238,278,1000,160,168,200000,0.97825842,No,Yes
500,606,Ara + 6,Ara + 6,2,237,230,1000,58,98,200000,1.142520695,No,Yes
1000,606,Ara + 6,Ara + 6,2,263,226,1000,72,125,200000,1.175692384,No,Yes
1500,606,Ara + 6,Ara + 6,2,277,244,1000,85,152,200000,1.171991001,No,Yes
2000,606,Ara + 6,Ara + 6,2,270,222,1000,41,97,200000,1.309621667,No,Yes
2500,606,Ara + 6,Ara + 6,2,285,193,1000,63,144,200000,1.321058187,No,Yes
3000,606,Ara + 6,Ara + 6,2,242,213,1000,82,153,200000,1.178213143,No,Yes
3500,606,Ara + 6,Ara + 6,2,312,182,1000,54,120,200000,1.377367849,No,Yes
4000,606,Ara + 6,Ara + 6,2,250,170,1000,40,75,200000,1.292656789,No,Yes
0,606,Ara + 6,Ara + 6,3,245,341,1000,167,126,200000,0.87541616,No,Yes
500,606,Ara + 6,Ara + 6,3,272,254,1000,99,171,200000,1.143438395,No,Yes
1000,606,Ara + 6,Ara + 6,3,262,225,1000,89,164,200000,1.180977691,No,Yes
1500,606,Ara + 6,Ara + 6,3,246,196,1000,86,166,200000,1.208332462,No,Yes
2000,606,Ara + 6,Ara + 6,3,230,183,1000,33,62,200000,1.255968154,No,Yes
2500,606,Ara + 6,Ara + 6,3,269,226,1000,91,206,200000,1.235188316,No,Yes
3000,606,Ara + 6,Ara + 6,3,284,246,1000,81,120,200000,1.132718313,No,Yes
3500,606,Ara + 6,Ara + 6,3,333,224,1000,72,109,200000,1.215347078,No,Yes
4000,606,Ara + 6,Ara + 6,3,285,170,1000,60,119,200000,1.321233738,No,Yes
0,606,Ara + 6,Ara + 6,4,204,295,1000,136,188,200000,0.990788954,No,Yes
500,606,Ara + 6,Ara + 6,4,286,267,1000,87,153,200000,1.154147258,No,Yes
1000,606,Ara + 6,Ara + 6,4,245,258,1000,55,123,200000,1.197968487,No,Yes
1500,606,Ara + 6,Ara + 6,4,218,227,1000,69,123,200000,1.129612373,No,Yes
2000,606,Ara + 6,Ara + 6,4,234,202,1000,84,147,200000,1.165348647,No,Yes
2500,606,Ara + 6,Ara + 6,4,284,231,1000,54,131,200000,1.300349516,No,Yes
3000,606,Ara + 6,Ara + 6,4,261,219,1000,67,175,200000,1.288319166,No,Yes
3500,606,Ara + 6,Ara + 6,4,278,223,1000,47,106,200000,1.293605987,No,Yes
4000,606,Ara + 6,Ara + 6,4,209,182,1000,43,124,200000,1.322128058,No,Yes
